Workbook
Name SegmentaciónDeDatos_CANAL: #N/A
Name SegmentaciónDeDatos_CIUDAD: #N/A
Name SegmentaciónDeDatos_NOMBRE_COMERCIAL: #N/A

Sheet INFORME
D3: EJECUCION DEL PLAN
D4: CIUDAD | E4: #PDV Obj. | F4: #PDV Eje. | G4: .% Ejecucion | H4: Obj Auditoria | I4: Auditoria Eje. | J4: % Efectividad.
D5: MEDELLIN | E5: 1 | F5: 1 | G5: 1 | H5: 1 | I5: 1 | J5: 1
D6: BARRANQUILLA | E6: 2 | F6: 2 | G6: 1 | H6: 2 | I6: 1 | J6: 0.5
D7: CALI | E7: 3 | F7: 3 | G7: 1 | H7: 3 | I7: 1 | J7: 0.33333333
D8: Total general | E8: 6 | F8: 6 | G8: 1 | H8: 6 | I8: 3 | J8: 0.5
D12: MYSTERY EFECTIVO | E12: SI
D13: MYSTERY POR CLUSTER
D14: Suma de % MYSTERY | E14: Etiquetas de columna
D15: CLUSTER | E15: MODERNO | F15: ESPECIALIZADO | G15: % MYSTERY
D16: HORARIO | E16: 1 | F16: 1 | G16: 1
D17: EJECUCION DEL PDV | E17: 0.785 | F17: 0.85666667 | G17: 0.80888889
D18: PRESENTACIÓN PERSONAL | E18: 0.5 | F18: 0.5 | G18: 0.5
D19: ACTIVIDADES DEL MES | E19: 0.5 | F19: 0 | G19: 0.18735363
D20: % MYSTERY | E20: 0.77279412 | F20: 0.58477509 | G20: 0.69959587
D25: MYSTERY EFECTIVO | E25: SI
D26: MYSTERY POR CLUSTER - CIUDAD
D27: Suma de % MYSTERY | E27: Etiquetas de columna
D28: CLUSTER | E28: MEDELLIN | F28: BARRANQUILLA | G28: CALI | H28: % MYSTERY
D29: HORARIO | E29: 1 | F29: 1 | G29: 1 | H29: 1
D30: PRESENTACIÓN PERSONAL | E30: 0.5 | F30: 0.5 | G30: 0.5 | H30: 0.5
D31: EJECUCION DEL PDV | E31: 0.57 | F31: 1 | G31: 0.85666667 | H31: 0.80888889
D32: ACTIVIDADES DEL MES | E32: N/A | F32: 0.5 | G32: 0 | H32: 0.18735363
D33: % MYSTERY | E33: 0.70166667 | F33: 0.82894737 | G33: 0.58477509 | H33: 0.69959587
D38: MYSTERY EFECTIVO | E38: SI
D39: MYSTERY POR PDV
D40: Suma de % MYSTERY | G40: CLUSTER
D41: CIUDAD | E41: CANAL | F41: NOMBRE COMERCIAL | G41: HORARIO | H41: PRESENTACIÓN PERSONAL | I41: EJECUCION DEL PDV | J41: ACTIVIDADES DEL MES | K41: % MYSTERY
D42: MEDELLIN | E42: MODERNO | F42: 99639-SUPERMERCADO MERKOPOLIS | G42: 1 | H42: 0.5 | I42: 0.57 | J42: N/A | K42: 0.70166667
D43: BARRANQUILLA | E43: MODERNO | F43: MEGATIENDAS EXPRESS UNICO BARRANQUILLA | G43: 1 | H43: 0.5 | I43: 1 | J43: 0.5 | K43: 0.82894737
D44: CALI | E44: ESPECIALIZADO | F44: DEGANADO NORTE | G44: 1 | H44: 0.5 | I44: 0.85666667 | J44: 0 | K44: 0.58477509
D45: % MYSTERY | G45: 1 | H45: 0.5 | I45: 0.80888889 | J45: 0.18735363 | K45: 0.69959587

Sheet PUNTAJES
A1: ACTIVIDAD | B1: CIUDAD | C1: CANAL | D1: CADENA | E1: CODIGO PDV | F1: NOMBRE COMERCIAL | G1: PREGUNTA | H1: NOMBRE ENCUESTA | I1: RESPUESTA | J1: FECHA VISITA | K1: CODIGO RUTA | L1: USUARIO | M1: MYSTERY EFECTIVO | N1: CLUSTER | O1: TOTAL PUNTAJE | P1: RTA CORRECTA | Q1: PUNTAJE OBTENIDO
A2: NESTLE PURINA | B2: CALI | C2: ESPECIALIZADO | D2: AGRO/PSHOP/VET | E2: 191506 | F2: DEGANADO NORTE | G2: SE LOGRA REALIZAR LA AUDITORIA? | H2: GESTION AUDITORIA - Abril | I2: SI | J2: 45771 | K2: 26796192 | L2: NestleP.7 | M2: =_xlfn.XLOOKUP(PUNTAJE[[#This Row],[CODIGO RUTA]],'DATA INFORME'!S:S,'DATA INFORME'!AB:AB) -> SI | N2: =IF(PUNTAJE[[#This Row],[MYSTERY EFECTIVO]]="SI",(_xlfn.XLOOKUP(PUNTAJE[[#This Row],[PREGUNTA]],ENCUESTA!G:G,ENCUESTA!E:E)),"N/A") -> N/A | O2: =IF(PUNTAJE[[#This Row],[MYSTERY EFECTIVO]]="SI",(IF(PUNTAJE[[#This Row],[CANAL]]="TRADICIONAL",_xlfn.XLOOKUP(PUNTAJE[[#This Row],[PREGUNTA]],ENCUESTA!G:G,ENCUESTA!A:A),IF(PUNTAJE[[#This Row],[CANAL]]="ESPECIALIZADO",_xlfn.XLOOKUP(PUNTAJE[[#This Row],[PREGUNTA]],ENCUESTA!G:G,ENCUESTA!B:B),IF(PUNTAJE[[#This Row],[CANAL]]="MODERNO",_xlfn.XLOOKUP(PUNTAJE[[#This Row],[PREGUNTA]],ENCUESTA!G:G,ENCUESTA!C:C))))),0) -> 0 | P2: =_xlfn.XLOOKUP(PUNTAJE[[#This Row],[PREGUNTA]],ENCUESTA!G:G,ENCUESTA!H:H) -> SI | Q2: =IF(PUNTAJE[[#This Row],[RESPUESTA]]=PUNTAJE[[#This Row],[RTA CORRECTA]],PUNTAJE[[#This Row],[TOTAL PUNTAJE]],0) -> 0
A3: NESTLE PURINA | B3: CALI | C3: ESPECIALIZADO | D3: AGRO/PSHOP/VET | E3: 191506 | F3: DEGANADO NORTE | G3: ¿CUMPLE HORARIO DE ENTRADA O SALIDA DE LA TIENDA? | H3: GESTION AUDITORIA - Abril | I3: SI | J3: 45771 | K3: 26796192 | L3: NestleP.7 | M3: =_xlfn.XLOOKUP(PUNTAJE[[#This Row],[CODIGO RUTA]],'DATA INFORME'!S:S,'DATA INFORME'!AB:AB) -> SI | N3: =IF(PUNTAJE[[#This Row],[MYSTERY EFECTIVO]]="SI",(_xlfn.XLOOKUP(PUNTAJE[[#This Row],[PREGUNTA]],ENCUESTA!G:G,ENCUESTA!E:E)),"N/A") -> HORARIO | O3: =IF(PUNTAJE[[#This Row],[MYSTERY EFECTIVO]]="SI",(IF(PUNTAJE[[#This Row],[CANAL]]="TRADICIONAL",_xlfn.XLOOKUP(PUNTAJE[[#This Row],[PREGUNTA]],ENCUESTA!G:G,ENCUESTA!A:A),IF(PUNTAJE[[#This Row],[CANAL]]="ESPECIALIZADO",_xlfn.XLOOKUP(PUNTAJE[[#This Row],[PREGUNTA]],ENCUESTA!G:G,ENCUESTA!B:B),IF(PUNTAJE[[#This Row],[CANAL]]="MODERNO",_xlfn.XLOOKUP(PUNTAJE[[#This Row],[PREGUNTA]],ENCUESTA!G:G,ENCUESTA!C:C))))),0) -> 20 | P3: =_xlfn.XLOOKUP(PUNTAJE[[#This Row],[PREGUNTA]],ENCUESTA!G:G,ENCUESTA!H:H) -> SI | Q3: =IF(PUNTAJE[[#This Row],[RESPUESTA]]=PUNTAJE[[#This Row],[RTA CORRECTA]],PUNTAJE[[#This Row],[TOTAL PUNTAJE]],0) -> 20
A4: NESTLE PURINA | B4: CALI | C4: ESPECIALIZADO | D4: AGRO/PSHOP/VET | E4: 191506 | F4: DEGANADO NORTE | G4: CUENTA CON PANTALON DEL UNIFORME SEGÚN EL CARGO (NEGRO / ROJO / TURQUESA / JEAN) | H4: GESTION AUDITORIA - Abril | I4: SI | J4: 45771 | K4: 26796192 | L4: NestleP.7 | M4: =_xlfn.XLOOKUP(PUNTAJE[[#This Row],[CODIGO RUTA]],'DATA INFORME'!S:S,'DATA INFORME'!AB:AB) -> SI | N4: =IF(PUNTAJE[[#This Row],[MYSTERY EFECTIVO]]="SI",(_xlfn.XLOOKUP(PUNTAJE[[#This Row],[PREGUNTA]],ENCUESTA!G:G,ENCUESTA!E:E)),"N/A") -> PRESENTACIÓN PERSONAL | O4: =IF(PUNTAJE[[#This Row],[MYSTERY EFECTIVO]]="SI",(IF(PUNTAJE[[#This Row],[CANAL]]="TRADICIONAL",_xlfn.XLOOKUP(PUNTAJE[[#This Row],[PREGUNTA]],ENCUESTA!G:G,ENCUESTA!A:A),IF(PUNTAJE[[#This Row],[CANAL]]="ESPECIALIZADO",_xlfn.XLOOKUP(PUNTAJE[[#This Row],[PREGUNTA]],ENCUESTA!G:G,ENCUESTA!B:B),IF(PUNTAJE[[#This Row],[CANAL]]="MODERNO",_xlfn.XLOOKUP(PUNTAJE[[#This Row],[PREGUNTA]],ENCUESTA!G:G,ENCUESTA!C:C))))),0) -> 1 | P4: =_xlfn.XLOOKUP(PUNTAJE[[#This Row],[PREGUNTA]],ENCUESTA!G:G,ENCUESTA!H:H) -> SI | Q4: =IF(PUNTAJE[[#This Row],[RESPUESTA]]=PUNTAJE[[#This Row],[RTA CORRECTA]],PUNTAJE[[#This Row],[TOTAL PUNTAJE]],0) -> 1
A5: NESTLE PURINA | B5: CALI | C5: ESPECIALIZADO | D5: AGRO/PSHOP/VET | E5: 191506 | F5: DEGANADO NORTE | G5: CUENTA CON CAMISA DEL UNIFORME Y LOGOS SEGÚN EL CARGO (NEGRA / GRIS / ROJA / TURQUESA) (ES PERMITIDO USAR DEBAJO DE LA CAMISA BUSO MANGA LARGA NEGRO) | H5: GESTION AUDITORIA - Abril | I5: SI | J5: 45771 | K5: 26796192 | L5: NestleP.7 | M5: =_xlfn.XLOOKUP(PUNTAJE[[#This Row],[CODIGO RUTA]],'DATA INFORME'!S:S,'DATA INFORME'!AB:AB) -> SI | N5: =IF(PUNTAJE[[#This Row],[MYSTERY EFECTIVO]]="SI",(_xlfn.XLOOKUP(PUNTAJE[[#This Row],[PREGUNTA]],ENCUESTA!G:G,ENCUESTA!E:E)),"N/A") -> PRESENTACIÓN PERSONAL | O5: =IF(PUNTAJE[[#This Row],[MYSTERY EFECTIVO]]="SI",(IF(PUNTAJE[[#This Row],[CANAL]]="TRADICIONAL",_xlfn.XLOOKUP(PUNTAJE[[#This Row],[PREGUNTA]],ENCUESTA!G:G,ENCUESTA!A:A),IF(PUNTAJE[[#This Row],[CANAL]]="ESPECIALIZADO",_xlfn.XLOOKUP(PUNTAJE[[#This Row],[PREGUNTA]],ENCUESTA!G:G,ENCUESTA!B:B),IF(PUNTAJE[[#This Row],[CANAL]]="MODERNO",_xlfn.XLOOKUP(PUNTAJE[[#This Row],[PREGUNTA]],ENCUESTA!G:G,ENCUESTA!C:C))))),0) -> 1 | P5: =_xlfn.XLOOKUP(PUNTAJE[[#This Row],[PREGUNTA]],ENCUESTA!G:G,ENCUESTA!H:H) -> SI | Q5: =IF(PUNTAJE[[#This Row],[RESPUESTA]]=PUNTAJE[[#This Row],[RTA CORRECTA]],PUNTAJE[[#This Row],[TOTAL PUNTAJE]],0) -> 1
A6: NESTLE PURINA | B6: CALI | C6: ESPECIALIZADO | D6: AGRO/PSHOP/VET | E6: 191506 | F6: DEGANADO NORTE | G6: CUENTA CON CALZADO DE ACUERDO AL UNIFORME | H6: GESTION AUDITORIA - Abril | I6: SI | J6: 45771 | K6: 26796192 | L6: NestleP.7 | M6: =_xlfn.XLOOKUP(PUNTAJE[[#This Row],[CODIGO RUTA]],'DATA INFORME'!S:S,'DATA INFORME'!AB:AB) -> SI | N6: =IF(PUNTAJE[[#This Row],[MYSTERY EFECTIVO]]="SI",(_xlfn.XLOOKUP(PUNTAJE[[#This Row],[PREGUNTA]],ENCUESTA!G:G,ENCUESTA!E:E)),"N/A") -> PRESENTACIÓN PERSONAL | O6: =IF(PUNTAJE[[#This Row],[MYSTERY EFECTIVO]]="SI",(IF(PUNTAJE[[#This Row],[CANAL]]="TRADICIONAL",_xlfn.XLOOKUP(PUNTAJE[[#This Row],[PREGUNTA]],ENCUESTA!G:G,ENCUESTA!A:A),IF(PUNTAJE[[#This Row],[CANAL]]="ESPECIALIZADO",_xlfn.XLOOKUP(PUNTAJE[[#This Row],[PREGUNTA]],ENCUESTA!G:G,ENCUESTA!B:B),IF(PUNTAJE[[#This Row],[CANAL]]="MODERNO",_xlfn.XLOOKUP(PUNTAJE[[#This Row],[PREGUNTA]],ENCUESTA!G:G,ENCUESTA!C:C))))),0) -> 1 | P6: =_xlfn.XLOOKUP(PUNTAJE[[#This Row],[PREGUNTA]],ENCUESTA!G:G,ENCUESTA!H:H) -> SI | Q6: =IF(PUNTAJE[[#This Row],[RESPUESTA]]=PUNTAJE[[#This Row],[RTA CORRECTA]],PUNTAJE[[#This Row],[TOTAL PUNTAJE]],0) -> 1
A7: NESTLE PURINA | B7: CALI | C7: ESPECIALIZADO | D7: AGRO/PSHOP/VET | E7: 191506 | F7: DEGANADO NORTE | G7: POSEE ALGUNA PRENDA ENCIMA DEL UNIFORME NO AUTORIZADA POR LA MARCA (UNICAMENTE ESTA PERMITIDO CHALECO DE SODIMAC Y EASY) | H7: GESTION AUDITORIA - Abril | I7: NO | J7: 45771 | K7: 26796192 | L7: NestleP.7 | M7: =_xlfn.XLOOKUP(PUNTAJE[[#This Row],[CODIGO RUTA]],'DATA INFORME'!S:S,'DATA INFORME'!AB:AB) -> SI | N7: =IF(PUNTAJE[[#This Row],[MYSTERY EFECTIVO]]="SI",(_xlfn.XLOOKUP(PUNTAJE[[#This Row],[PREGUNTA]],ENCUESTA!G:G,ENCUESTA!E:E)),"N/A") -> PRESENTACIÓN PERSONAL | O7: =IF(PUNTAJE[[#This Row],[MYSTERY EFECTIVO]]="SI",(IF(PUNTAJE[[#This Row],[CANAL]]="TRADICIONAL",_xlfn.XLOOKUP(PUNTAJE[[#This Row],[PREGUNTA]],ENCUESTA!G:G,ENCUESTA!A:A),IF(PUNTAJE[[#This Row],[CANAL]]="ESPECIALIZADO",_xlfn.XLOOKUP(PUNTAJE[[#This Row],[PREGUNTA]],ENCUESTA!G:G,ENCUESTA!B:B),IF(PUNTAJE[[#This Row],[CANAL]]="MODERNO",_xlfn.XLOOKUP(PUNTAJE[[#This Row],[PREGUNTA]],ENCUESTA!G:G,ENCUESTA!C:C))))),0) -> 1 | P7: =_xlfn.XLOOKUP(PUNTAJE[[#This Row],[PREGUNTA]],ENCUESTA!G:G,ENCUESTA!H:H) -> NO | Q7: =IF(PUNTAJE[[#This Row],[RESPUESTA]]=PUNTAJE[[#This Row],[RTA CORRECTA]],PUNTAJE[[#This Row],[TOTAL PUNTAJE]],0) -> 0
A8: NESTLE PURINA | B8: CALI | C8: ESPECIALIZADO | D8: AGRO/PSHOP/VET | E8: 191506 | F8: DEGANADO NORTE | G8: EL UNIFORME Y ZAPATOS SE ENCUENTRAN LIMPIOS Y EN BUEN ESTADO | H8: GESTION AUDITORIA - Abril | I8: SI | J8: 45771 | K8: 26796192 | L8: NestleP.7 | M8: =_xlfn.XLOOKUP(PUNTAJE[[#This Row],[CODIGO RUTA]],'DATA INFORME'!S:S,'DATA INFORME'!AB:AB) -> SI | N8: =IF(PUNTAJE[[#This Row],[MYSTERY EFECTIVO]]="SI",(_xlfn.XLOOKUP(PUNTAJE[[#This Row],[PREGUNTA]],ENCUESTA!G:G,ENCUESTA!E:E)),"N/A") -> PRESENTACIÓN PERSONAL | O8: =IF(PUNTAJE[[#This Row],[MYSTERY EFECTIVO]]="SI",(IF(PUNTAJE[[#This Row],[CANAL]]="TRADICIONAL",_xlfn.XLOOKUP(PUNTAJE[[#This Row],[PREGUNTA]],ENCUESTA!G:G,ENCUESTA!A:A),IF(PUNTAJE[[#This Row],[CANAL]]="ESPECIALIZADO",_xlfn.XLOOKUP(PUNTAJE[[#This Row],[PREGUNTA]],ENCUESTA!G:G,ENCUESTA!B:B),IF(PUNTAJE[[#This Row],[CANAL]]="MODERNO",_xlfn.XLOOKUP(PUNTAJE[[#This Row],[PREGUNTA]],ENCUESTA!G:G,ENCUESTA!C:C))))),0) -> 1 | P8: =_xlfn.XLOOKUP(PUNTAJE[[#This Row],[PREGUNTA]],ENCUESTA!G:G,ENCUESTA!H:H) -> SI | Q8: =IF(PUNTAJE[[#This Row],[RESPUESTA]]=PUNTAJE[[#This Row],[RTA CORRECTA]],PUNTAJE[[#This Row],[TOTAL PUNTAJE]],0) -> 1
A9: NESTLE PURINA | B9: CALI | C9: ESPECIALIZADO | D9: AGRO/PSHOP/VET | E9: 191506 | F9: DEGANADO NORTE | G9: SU CABELLO LUCE LIMPIO, ORGANIZADO O RECOGIDO | H9: GESTION AUDITORIA - Abril | I9: SI | J9: 45771 | K9: 26796192 | L9: NestleP.7 | M9: =_xlfn.XLOOKUP(PUNTAJE[[#This Row],[CODIGO RUTA]],'DATA INFORME'!S:S,'DATA INFORME'!AB:AB) -> SI | N9: =IF(PUNTAJE[[#This Row],[MYSTERY EFECTIVO]]="SI",(_xlfn.XLOOKUP(PUNTAJE[[#This Row],[PREGUNTA]],ENCUESTA!G:G,ENCUESTA!E:E)),"N/A") -> PRESENTACIÓN PERSONAL | O9: =IF(PUNTAJE[[#This Row],[MYSTERY EFECTIVO]]="SI",(IF(PUNTAJE[[#This Row],[CANAL]]="TRADICIONAL",_xlfn.XLOOKUP(PUNTAJE[[#This Row],[PREGUNTA]],ENCUESTA!G:G,ENCUESTA!A:A),IF(PUNTAJE[[#This Row],[CANAL]]="ESPECIALIZADO",_xlfn.XLOOKUP(PUNTAJE[[#This Row],[PREGUNTA]],ENCUESTA!G:G,ENCUESTA!B:B),IF(PUNTAJE[[#This Row],[CANAL]]="MODERNO",_xlfn.XLOOKUP(PUNTAJE[[#This Row],[PREGUNTA]],ENCUESTA!G:G,ENCUESTA!C:C))))),0) -> 1 | P9: =_xlfn.XLOOKUP(PUNTAJE[[#This Row],[PREGUNTA]],ENCUESTA!G:G,ENCUESTA!H:H) -> SI | Q9: =IF(PUNTAJE[[#This Row],[RESPUESTA]]=PUNTAJE[[#This Row],[RTA CORRECTA]],PUNTAJE[[#This Row],[TOTAL PUNTAJE]],0) -> 1
A10: NESTLE PURINA | B10: CALI | C10: ESPECIALIZADO | D10: AGRO/PSHOP/VET | E10: 191506 | F10: DEGANADO NORTE | G10: PRESENTA EXCESO DE MAQUILLAJE QUE NO CUMPLE CON EL CODIGO DE VESTIMENTA | H10: GESTION AUDITORIA - Abril | I10: NO | J10: 45771 | K10: 26796192 | L10: NestleP.7 | M10: =_xlfn.XLOOKUP(PUNTAJE[[#This Row],[CODIGO RUTA]],'DATA INFORME'!S:S,'DATA INFORME'!AB:AB) -> SI | N10: =IF(PUNTAJE[[#This Row],[MYSTERY EFECTIVO]]="SI",(_xlfn.XLOOKUP(PUNTAJE[[#This Row],[PREGUNTA]],ENCUESTA!G:G,ENCUESTA!E:E)),"N/A") -> PRESENTACIÓN PERSONAL | O10: =IF(PUNTAJE[[#This Row],[MYSTERY EFECTIVO]]="SI",(IF(PUNTAJE[[#This Row],[CANAL]]="TRADICIONAL",_xlfn.XLOOKUP(PUNTAJE[[#This Row],[PREGUNTA]],ENCUESTA!G:G,ENCUESTA!A:A),IF(PUNTAJE[[#This Row],[CANAL]]="ESPECIALIZADO",_xlfn.XLOOKUP(PUNTAJE[[#This Row],[PREGUNTA]],ENCUESTA!G:G,ENCUESTA!B:B),IF(PUNTAJE[[#This Row],[CANAL]]="MODERNO",_xlfn.XLOOKUP(PUNTAJE[[#This Row],[PREGUNTA]],ENCUESTA!G:G,ENCUESTA!C:C))))),0) -> 1 | P10: =_xlfn.XLOOKUP(PUNTAJE[[#This Row],[PREGUNTA]],ENCUESTA!G:G,ENCUESTA!H:H) -> NO | Q10: =IF(PUNTAJE[[#This Row],[RESPUESTA]]=PUNTAJE[[#This Row],[RTA CORRECTA]],PUNTAJE[[#This Row],[TOTAL PUNTAJE]],0) -> 0
A11: NESTLE PURINA | B11: CALI | C11: ESPECIALIZADO | D11: AGRO/PSHOP/VET | E11: 191506 | F11: DEGANADO NORTE | G11: TIENE TATUAJES O PIERCINGS VISIBLES QUE NO CUMPLE CON EL CODIGO DE VESTIMENTA | H11: GESTION AUDITORIA - Abril | I11: NO | J11: 45771 | K11: 26796192 | L11: NestleP.7 | M11: =_xlfn.XLOOKUP(PUNTAJE[[#This Row],[CODIGO RUTA]],'DATA INFORME'!S:S,'DATA INFORME'!AB:AB) -> SI | N11: =IF(PUNTAJE[[#This Row],[MYSTERY EFECTIVO]]="SI",(_xlfn.XLOOKUP(PUNTAJE[[#This Row],[PREGUNTA]],ENCUESTA!G:G,ENCUESTA!E:E)),"N/A") -> PRESENTACIÓN PERSONAL | O11: =IF(PUNTAJE[[#This Row],[MYSTERY EFECTIVO]]="SI",(IF(PUNTAJE[[#This Row],[CANAL]]="TRADICIONAL",_xlfn.XLOOKUP(PUNTAJE[[#This Row],[PREGUNTA]],ENCUESTA!G:G,ENCUESTA!A:A),IF(PUNTAJE[[#This Row],[CANAL]]="ESPECIALIZADO",_xlfn.XLOOKUP(PUNTAJE[[#This Row],[PREGUNTA]],ENCUESTA!G:G,ENCUESTA!B:B),IF(PUNTAJE[[#This Row],[CANAL]]="MODERNO",_xlfn.XLOOKUP(PUNTAJE[[#This Row],[PREGUNTA]],ENCUESTA!G:G,ENCUESTA!C:C))))),0) -> 1 | P11: =_xlfn.XLOOKUP(PUNTAJE[[#This Row],[PREGUNTA]],ENCUESTA!G:G,ENCUESTA!H:H) -> NO | Q11: =IF(PUNTAJE[[#This Row],[RESPUESTA]]=PUNTAJE[[#This Row],[RTA CORRECTA]],PUNTAJE[[#This Row],[TOTAL PUNTAJE]],0) -> 0
A12: NESTLE PURINA | B12: CALI | C12: ESPECIALIZADO | D12: AGRO/PSHOP/VET | E12: 191506 | F12: DEGANADO NORTE | G12: TIENE UÑAS LLAMATIVAS Y/O LARGAS QUE NO CUMPLE CON EL CODIGO DE VESTIMENTA | H12: GESTION AUDITORIA - Abril | I12: NO | J12: 45771 | K12: 26796192 | L12: NestleP.7 | M12: =_xlfn.XLOOKUP(PUNTAJE[[#This Row],[CODIGO RUTA]],'DATA INFORME'!S:S,'DATA INFORME'!AB:AB) -> SI | N12: =IF(PUNTAJE[[#This Row],[MYSTERY EFECTIVO]]="SI",(_xlfn.XLOOKUP(PUNTAJE[[#This Row],[PREGUNTA]],ENCUESTA!G:G,ENCUESTA!E:E)),"N/A") -> PRESENTACIÓN PERSONAL | O12: =IF(PUNTAJE[[#This Row],[MYSTERY EFECTIVO]]="SI",(IF(PUNTAJE[[#This Row],[CANAL]]="TRADICIONAL",_xlfn.XLOOKUP(PUNTAJE[[#This Row],[PREGUNTA]],ENCUESTA!G:G,ENCUESTA!A:A),IF(PUNTAJE[[#This Row],[CANAL]]="ESPECIALIZADO",_xlfn.XLOOKUP(PUNTAJE[[#This Row],[PREGUNTA]],ENCUESTA!G:G,ENCUESTA!B:B),IF(PUNTAJE[[#This Row],[CANAL]]="MODERNO",_xlfn.XLOOKUP(PUNTAJE[[#This Row],[PREGUNTA]],ENCUESTA!G:G,ENCUESTA!C:C))))),0) -> 1 | P12: =_xlfn.XLOOKUP(PUNTAJE[[#This Row],[PREGUNTA]],ENCUESTA!G:G,ENCUESTA!H:H) -> NO | Q12: =IF(PUNTAJE[[#This Row],[RESPUESTA]]=PUNTAJE[[#This Row],[RTA CORRECTA]],PUNTAJE[[#This Row],[TOTAL PUNTAJE]],0) -> 0
A13: NESTLE PURINA | B13: CALI | C13: ESPECIALIZADO | D13: AGRO/PSHOP/VET | E13: 191506 | F13: DEGANADO NORTE | G13: USA ACCESORIOS QUE NO CUMPLE CON EL CODIGO DE VESTIMENTA | H13: GESTION AUDITORIA - Abril | I13: NO | J13: 45771 | K13: 26796192 | L13: NestleP.7 | M13: =_xlfn.XLOOKUP(PUNTAJE[[#This Row],[CODIGO RUTA]],'DATA INFORME'!S:S,'DATA INFORME'!AB:AB) -> SI | N13: =IF(PUNTAJE[[#This Row],[MYSTERY EFECTIVO]]="SI",(_xlfn.XLOOKUP(PUNTAJE[[#This Row],[PREGUNTA]],ENCUESTA!G:G,ENCUESTA!E:E)),"N/A") -> PRESENTACIÓN PERSONAL | O13: =IF(PUNTAJE[[#This Row],[MYSTERY EFECTIVO]]="SI",(IF(PUNTAJE[[#This Row],[CANAL]]="TRADICIONAL",_xlfn.XLOOKUP(PUNTAJE[[#This Row],[PREGUNTA]],ENCUESTA!G:G,ENCUESTA!A:A),IF(PUNTAJE[[#This Row],[CANAL]]="ESPECIALIZADO",_xlfn.XLOOKUP(PUNTAJE[[#This Row],[PREGUNTA]],ENCUESTA!G:G,ENCUESTA!B:B),IF(PUNTAJE[[#This Row],[CANAL]]="MODERNO",_xlfn.XLOOKUP(PUNTAJE[[#This Row],[PREGUNTA]],ENCUESTA!G:G,ENCUESTA!C:C))))),0) -> 1 | P13: =_xlfn.XLOOKUP(PUNTAJE[[#This Row],[PREGUNTA]],ENCUESTA!G:G,ENCUESTA!H:H) -> NO | Q13: =IF(PUNTAJE[[#This Row],[RESPUESTA]]=PUNTAJE[[#This Row],[RTA CORRECTA]],PUNTAJE[[#This Row],[TOTAL PUNTAJE]],0) -> 0
... A78: NESTLE PURINA | B78: MEDELLIN | C78: MODERNO | D78: SUPERETE | E78: 99639 | F78: 99639-SUPERMERCADO MERKOPOLIS | G78: INDIQUE OBSERVACION / NOVEDAD EVIDENCIADA CON LA AUDITORIA REALIZADA | H78: GESTION AUDITORIA - Abril | I78: Indica que la oferta son los paquetes pague 4 y lleve 5 o pague 5 lleve 6, no conoce otra oferta. | J78: 45776 | K78: 26853795 | L78: NestleP.11 | M78: =_xlfn.XLOOKUP(PUNTAJE[[#This Row],[CODIGO RUTA]],'DATA INFORME'!S:S,'DATA INFORME'!AB:AB) -> SI | N78: =IF(PUNTAJE[[#This Row],[MYSTERY EFECTIVO]]="SI",(_xlfn.XLOOKUP(PUNTAJE[[#This Row],[PREGUNTA]],ENCUESTA!G:G,ENCUESTA!E:E)),"N/A") -> #N/A | O78: =IF(PUNTAJE[[#This Row],[MYSTERY EFECTIVO]]="SI",(IF(PUNTAJE[[#This Row],[CANAL]]="TRADICIONAL",_xlfn.XLOOKUP(PUNTAJE[[#This Row],[PREGUNTA]],ENCUESTA!G:G,ENCUESTA!A:A),IF(PUNTAJE[[#This Row],[CANAL]]="ESPECIALIZADO",_xlfn.XLOOKUP(PUNTAJE[[#This Row],[PREGUNTA]],ENCUESTA!G:G,ENCUESTA!B:B),IF(PUNTAJE[[#This Row],[CANAL]]="MODERNO",_xlfn.XLOOKUP(PUNTAJE[[#This Row],[PREGUNTA]],ENCUESTA!G:G,ENCUESTA!C:C))))),0) -> #N/A | P78: =_xlfn.XLOOKUP(PUNTAJE[[#This Row],[PREGUNTA]],ENCUESTA!G:G,ENCUESTA!H:H) -> #N/A | Q78: =IF(PUNTAJE[[#This Row],[RESPUESTA]]=PUNTAJE[[#This Row],[RTA CORRECTA]],PUNTAJE[[#This Row],[TOTAL PUNTAJE]],0) -> #N/A

Sheet ENCUESTA
A1: TRADICIONAL | B1: ESPECIALIZADO | C1: MODERNO | D1: PESO | E1: CLUSTER | F1: TIPO | G1: PREGUNTA | H1: RTA CORRECTA | K1: Peso Cluster | L1: Cluster
A2: 0 | B2: 0 | C2: 0 | D2: 0 | E2: N/A | F2: UNICA | G2: SE LOGRA REALIZAR LA AUDITORIA? | H2: SI | K2: 0.1 | L2: PRESENTACIÓN PERSONAL
A3: 20 | B3: 20 | C3: 20 | D3: 20 | E3: HORARIO | F3: UNICA | G3: ¿CUMPLE HORARIO DE ENTRADA O SALIDA DE LA TIENDA? | H3: SI | K3: 0.2 | L3: HORARIO
A4: 1 | B4: 1 | C4: 1 | D4: 1 | E4: PRESENTACIÓN PERSONAL | F4: UNICA | G4: CUENTA CON PANTALON DEL UNIFORME SEGÚN EL CARGO (NEGRO / ROJO / TURQUESA / JEAN) | H4: SI | K4: 0.3 | L4: EJECUCION DEL PDV
A5: 1 | B5: 1 | C5: 1 | D5: 1 | E5: PRESENTACIÓN PERSONAL | F5: UNICA | G5: CUENTA CON CAMISA DEL UNIFORME Y LOGOS SEGÚN EL CARGO (NEGRA / GRIS / ROJA / TURQUESA) (ES PERMITIDO USAR DEBAJO DE LA CAMISA BUSO MANGA LARGA NEGRO) | H5: SI | K5: 0.4 | L5: ACTIVIDADES DEL MES
A6: 1 | B6: 1 | C6: 1 | D6: 1 | E6: PRESENTACIÓN PERSONAL | F6: UNICA | G6: CUENTA CON CALZADO DE ACUERDO AL UNIFORME | H6: SI | K6: =SUM(K1:K5) -> 1 | L6: Total general
A7: 1 | B7: 1 | C7: 1 | D7: 1 | E7: PRESENTACIÓN PERSONAL | F7: UNICA | G7: POSEE ALGUNA PRENDA ENCIMA DEL UNIFORME NO AUTORIZADA POR LA MARCA (UNICAMENTE ESTA PERMITIDO CHALECO DE SODIMAC Y EASY) | H7: NO
A8: 1 | B8: 1 | C8: 1 | D8: 1 | E8: PRESENTACIÓN PERSONAL | F8: UNICA | G8: EL UNIFORME Y ZAPATOS SE ENCUENTRAN LIMPIOS Y EN BUEN ESTADO | H8: SI
A9: 1 | B9: 1 | C9: 1 | D9: 1 | E9: PRESENTACIÓN PERSONAL | F9: UNICA | G9: SU CABELLO LUCE LIMPIO, ORGANIZADO O RECOGIDO | H9: SI
A10: 1 | B10: 1 | C10: 1 | D10: 1 | E10: PRESENTACIÓN PERSONAL | F10: UNICA | G10: PRESENTA EXCESO DE MAQUILLAJE QUE NO CUMPLE CON EL CODIGO DE VESTIMENTA | H10: NO
A11: 1 | B11: 1 | C11: 1 | D11: 1 | E11: PRESENTACIÓN PERSONAL | F11: UNICA | G11: TIENE TATUAJES O PIERCINGS VISIBLES QUE NO CUMPLE CON EL CODIGO DE VESTIMENTA | H11: NO
A12: 1 | B12: 1 | C12: 1 | D12: 1 | E12: PRESENTACIÓN PERSONAL | F12: UNICA | G12: TIENE UÑAS LLAMATIVAS Y/O LARGAS QUE NO CUMPLE CON EL CODIGO DE VESTIMENTA | H12: NO
A13: 1 | B13: 1 | C13: 1 | D13: 1 | E13: PRESENTACIÓN PERSONAL | F13: UNICA | G13: USA ACCESORIOS QUE NO CUMPLE CON EL CODIGO DE VESTIMENTA | H13: NO
A14: =30/7 -> 4.2857143 | B14: =30/7 -> 4.2857143 | C14: =30/7 -> 4.2857143 | D14: =30/7 -> 4.2857143 | E14: EJECUCION DEL PDV | F14: UNICA | G14: EL LINEAL SE ENCUENTRA LIMPIO Y ORGANIZADO | H14: SI
A15: =30/7 -> 4.2857143 | B15: =30/7 -> 4.2857143 | C15: =30/7 -> 4.2857143 | D15: =30/7 -> 4.2857143 | E15: EJECUCION DEL PDV | F15: UNICA | G15: LOS PRODUCTOS TIENEN EL PRECIO Y ESTAN ACORDE O CORRESPONDIENTE A CADA REFERENCIA | H15: SI
A16: =30/7 -> 4.2857143 | B16: =30/7 -> 4.2857143 | C16: =30/7 -> 4.2857143 | D16: =30/7 -> 4.2857143 | E16: EJECUCION DEL PDV | F16: UNICA | G16: LOS PRODUCTOS ESTAN SURTIDOS DE ACUERDO A PEPS O FIFO (REVISAR TANTO PRODUCTO SECO COMO HUMEDO) | H16: SI
A17: =30/7 -> 4.2857143 | B17: =30/7 -> 4.2857143 | C17: =30/7 -> 4.2857143 | D17: =30/7 -> 4.2857143 | E17: EJECUCION DEL PDV | F17: UNICA | G17: CONOCE LOS INFALTABLES DEL PUNTO DE VENTA Y CUENTA CON EL MATERIAL DE APOYO (AYUDAVENTAS INFALTABLES) | H17: SI
A18: =30/7 -> 4.2857143 | B18: =30/7 -> 4.2857143 | C18: =30/7 -> 4.2857143 | D18: =30/7 -> 4.2857143 | E18: EJECUCION DEL PDV | F18: UNICA | G18: CONOCE Y TIENE SURTIDO DE ACUERDO A LA ESTRATEGIA DE EXHIBICIÓN (ETAPAS DE VIDA - SEGMENTACIÓN DE MARCAS) | H18: SI
A19: =30/7 -> 4.2857143 | B19: =30/7 -> 4.2857143 | C19: =30/7 -> 4.2857143 | D19: =30/7 -> 4.2857143 | E19: EJECUCION DEL PDV | F19: UNICA | G19: CUAL ES LA ESTRATEGIA DE EXHIBICIÓN PARA LAS MARCAS MAINSTRAIN (ALPO Y GATSY) DE PURINA Y PORQUE? | H19: SI
A20: =30/7 -> 4.2857143 | B20: =30/7 -> 4.2857143 | C20: =30/7 -> 4.2857143 | D20: =30/7 -> 4.2857143 | E20: EJECUCION DEL PDV | F20: UNICA | G20: CONOCE EL % DE PARTICIPACIÓN QUE TIENE EN EL PUNTO DE VENTA E INFORMA CUAL ES ESE % | H20: SI
A21: 0 | B21: 0 | C21: 0 | D21: 0 | E21: N/A | F21: UNICA | G21: SELECCIONE EL CANAL DEL PDV AUDITADO? | H21: MODERNO, ESPECIALIZADO, TRADICIONAL
A22: 0 | B22: 0 | C22: 8 | D22: 8 | E22: ACTIVIDADES DEL MES | F22: UNICA | G22: Tiene resaltadas las referencias en el lineal la dinamica "IMPRESIONANTES DE GRUPO ÉXITO" | H22: SI
A23: 0 | B23: 0 | C23: 8 | D23: 8 | E23: ACTIVIDADES DEL MES | F23: UNICA | G23: Tiene conocimiento de los infaltables según el cluster del pdv | H23: SI
A24: 0 | B24: 0 | C24: 8 | D24: 8 | E24: ACTIVIDADES DEL MES | F24: UNICA | G24: Tiene conocimiento de las presentaciones de Pro Plan Live Clear, si esta la nueva presentación (x 1kg y x 3kg) ¿tiene el sticker de comunicación de nueva gramaje? | H24: SI
A25: 0 | B25: 0 | C25: 8 | D25: 8 | E25: ACTIVIDADES DEL MES | F25: UNICA | G25: Esta implementado los sticker de la reducción de precios Excellent (No aplica cuando el mercaderista informa que el PDV no ha hecho la reducción de precios). | H25: SI
A26: 0 | B26: 0 | C26: 8 | D26: 8 | E26: ACTIVIDADES DEL MES | F26: UNICA | G26: Esta implementada la nueva estrategia de baja de precios (Si el mercaderista informa que el PDV no lo permite implementar quedaria como N/A) | H26: SI
A27: 0 | B27: 0 | C27: 0 | D27: 0 | E27: N/A | F27: UNICA | G27: DESEA AÑADIR ALGUNA OBSERVACION / NOVEDAD CON LA AUDITORIA REALIZADA?
A28: 0 | B28: 0 | C28: 0 | D28: 0 | E28: N/A | F28: ABIERTA | G28: INDIQUE OBSERVACIÓN/NOVEDAD

Sheet Panel
A1: CANAL | B1: CIUDAD | C1: VUM | D1: NOMBRE PDV | E1: Objetivo Mystery | F1: #PDV Objetivos | G1: #PDV Ejecutados | H1: # Visitas | I1: Mystery Ejecutado
A2: MODERNO | B2: MEDELLIN | C2: 99639 | D2: 99639-SUPERMERCADO MERKOPOLIS | E2: 1 | F2: 1 | G2: =IF((COUNTIFS(Export!I:I,Tabla1[[#This Row],[VUM]]))>0,1,0) -> 1 | H2: =IF((COUNTIFS(Export!I:I,Tabla1[[#This Row],[VUM]]))>0,1,0) -> 1 | I2: =IF((_xlfn.XLOOKUP(Tabla1[[#This Row],[VUM]],'DATA INFORME'!H:H,'DATA INFORME'!AA:AA))="SI",1,0) -> 1
A3: MODERNO | B3: BARRANQUILLA | C3: 12034 | D3: EXITO SAN BLAS BARRANQUILLA | E3: 1 | F3: 1 | G3: =IF((COUNTIFS(Export!I:I,Tabla1[[#This Row],[VUM]]))>0,1,0) -> 1 | H3: =IF((COUNTIFS(Export!I:I,Tabla1[[#This Row],[VUM]]))>0,1,0) -> 1 | I3: =IF((_xlfn.XLOOKUP(Tabla1[[#This Row],[VUM]],'DATA INFORME'!H:H,'DATA INFORME'!AA:AA))="SI",1,0) -> 0
A4: MODERNO | B4: BARRANQUILLA | C4: 95330 | D4: MEGATIENDAS EXPRESS UNICO BARRANQUILLA | E4: 1 | F4: 1 | G4: =IF((COUNTIFS(Export!I:I,Tabla1[[#This Row],[VUM]]))>0,1,0) -> 1 | H4: =IF((COUNTIFS(Export!I:I,Tabla1[[#This Row],[VUM]]))>0,1,0) -> 1 | I4: =IF((_xlfn.XLOOKUP(Tabla1[[#This Row],[VUM]],'DATA INFORME'!H:H,'DATA INFORME'!AA:AA))="SI",1,0) -> 0
A5: ESPECIALIZADO | B5: CALI | C5: 191506 | D5: DEGANADO NORTE | E5: 1 | F5: 1 | G5: =IF((COUNTIFS(Export!I:I,Tabla1[[#This Row],[VUM]]))>0,1,0) -> 1 | H5: =IF((COUNTIFS(Export!I:I,Tabla1[[#This Row],[VUM]]))>0,1,0) -> 1 | I5: =IF((_xlfn.XLOOKUP(Tabla1[[#This Row],[VUM]],'DATA INFORME'!H:H,'DATA INFORME'!AA:AA))="SI",1,0) -> 1
A6: MODERNO | B6: CALI | C6: 447656 | D6: HOMECENTER CALI SUR | E6: 1 | F6: 1 | G6: =IF((COUNTIFS(Export!I:I,Tabla1[[#This Row],[VUM]]))>0,1,0) -> 1 | H6: =IF((COUNTIFS(Export!I:I,Tabla1[[#This Row],[VUM]]))>0,1,0) -> 1 | I6: =IF((_xlfn.XLOOKUP(Tabla1[[#This Row],[VUM]],'DATA INFORME'!H:H,'DATA INFORME'!AA:AA))="SI",1,0) -> 0
A7: TRADICIONAL | B7: CALI | C7: 127066 | D7: MERCAFAMILIAR LAS PALMAS S.A.S. | E7: 1 | F7: 1 | G7: =IF((COUNTIFS(Export!I:I,Tabla1[[#This Row],[VUM]]))>0,1,0) -> 1 | H7: =IF((COUNTIFS(Export!I:I,Tabla1[[#This Row],[VUM]]))>0,1,0) -> 1 | I7: =IF((_xlfn.XLOOKUP(Tabla1[[#This Row],[VUM]],'DATA INFORME'!H:H,'DATA INFORME'!AA:AA))="SI",1,0) -> 0
A9: CANAL | B9: CIUDAD | C9: VUM | D9: NOMBRE PDV | E9: Novedad
A10: MODERNO | B10: BARRANQUILLA | C10: 12034 | D10: EXITO SAN BLAS BARRANQUILLA | E10: No se encontró en pdv debido a que la persona se retrasó porque estaba realizando otra actividad en Olimpica 008
A11: MODERNO | B11: CALI | C11: 447656 | D11: HOMECENTER CALI SUR | E11: Me informan que la mercaderista esta de vacaciones se envia evidencia que se realizo la visita en el punto
A12: TRADICIONAL | B12: CALI | C12: 127066 | D12: MERCAFAMILIAR LAS PALMAS S.A.S. | E12: La supervisora informa que se realizo ayer el pdv y hoy estaba en Santander de quilichao la mercaderista la visita se realiza según malla horaria
A13: MODERNO | B13: BARRANQUILLA | C13: 12034 | D13: EXITO SAN BLAS BARRANQUILLA | E13: No se encuentra el asesor en el pdv por lo cual no es posible realizar la auditoria

Sheet VIDEOS
A1: CIUDAD | B1: NOMBRE COMERCIAL | C1: 1 | D1: 2 | E1: 3 | F1: 4 | G1: 5 | H1: 6 | I1: 7
A2: MEDELLIN | B2: 99639-SUPERMERCADO MERKOPOLIS | C2: https://drive.google.com/file/d/1N6lHtV_EYpvHUvNiTdl3ZOw_4QBUFe1E/view | D2: https://drive.google.com/file/d/1lE57LWPNIKFpvLWJHdWQNE-Xt25cNN2d/view
A3: BARRANQUILLA | B3: EXITO SAN BLAS BARRANQUILLA | C3: https://drive.google.com/file/d/1jpj1knWADcj3TyEiz4MOT2u8pun9Fj-1/view | D3: https://drive.google.com/file/d/1jqzboOpbST_K0QE46A32TgWLVjm0Tluf/view
A4: BARRANQUILLA | B4: MEGATIENDAS EXPRESS UNICO BARRANQUILLA | C4: https://drive.google.com/file/d/1Kz5mY0d5lFjmATrFtUyhxw0eLDq8kaco/view
A5: CALI | B5: DEGANADO NORTE | C5: https://drive.google.com/file/d/1F7D2TcLY4Hx9ubXjFZxvzz3UegZkR232/view
A6: CALI | B6: HOMECENTER CALI SUR | C6: https://drive.google.com/file/d/1omMkPMyKphvS8OdeIQuF2ul12VHWAm4f/view
A7: CALI | B7: MERCAFAMILIAR LAS PALMAS S.A.S. | C7: https://drive.google.com/file/d/11kJDK0pOqzmGk_ZawWQ7DDJx9vAMTZuE/view

Sheet DATA INFORME
A1: ACTIVIDAD | B1: REGIONAL | C1: CIUDAD | D1: CANAL | E1: CADENA | F1: SUBCADENA | G1: ZONA | H1: CODIGO PDV | I1: NOMBRE COMERCIAL | J1: CODIGO EAN | K1: TIPO PUNTO VENTA | L1: CONSECUTIVO ENCUESTA | M1: NOMBRE ENCUESTA | N1: CODIGO FOTO | O1: OBSERVACION | P1: FECHA VISITA | Q1: FECHA INICIO VISITA | R1: FECHA CREACIÓN RESPUESTA | S1: CODIGO RUTA | T1: CLIENTE | U1: CODIGO EXHIBICION | V1: NOMBRE EXHIBICION | W1: NOMBRE USUARIO | X1: USUARIO | Y1: NOMBRE SUPERVISOR | Z1: USUARIO SUPERVISOR | AA1: SE LOGRA REALIZAR LA AUDITORIA? | AB1: ¿CUMPLE HORARIO DE ENTRADA O SALIDA DE LA TIENDA? | AC1: CUENTA CON PANTALON DEL UNIFORME SEGÚN EL CARGO (NEGRO / ROJO / TURQUESA / JEAN) | AD1: CUENTA CON CAMISA DEL UNIFORME Y LOGOS SEGÚN EL CARGO (NEGRA / GRIS / ROJA / TURQUESA) (ES PERMITIDO USAR DEBAJO DE LA CAMISA BUSO MANGA LARGA NEGRO) | AE1: CUENTA CON CALZADO DE ACUERDO AL UNIFORME | AF1: POSEE ALGUNA PRENDA ENCIMA DEL UNIFORME NO AUTORIZADA POR LA MARCA (UNICAMENTE ESTA PERMITIDO CHALECO DE SODIMAC Y EASY) | AG1: EL UNIFORME Y ZAPATOS SE ENCUENTRAN LIMPIOS Y EN BUEN ESTADO | AH1: SU CABELLO LUCE LIMPIO, ORGANIZADO O RECOGIDO | AI1: PRESENTA EXCESO DE MAQUILLAJE QUE NO CUMPLE CON EL CODIGO DE VESTIMENTA | AJ1: TIENE TATUAJES O PIERCINGS VISIBLES QUE NO CUMPLE CON EL CODIGO DE VESTIMENTA | AK1: TIENE UÑAS LLAMATIVAS Y/O LARGAS QUE NO CUMPLE CON EL CODIGO DE VESTIMENTA | AL1: USA ACCESORIOS QUE NO CUMPLE CON EL CODIGO DE VESTIMENTA | AM1: EL LINEAL SE ENCUENTRA LIMPIO Y ORGANIZADO | AN1: LOS PRODUCTOS TIENEN EL PRECIO Y ESTAN ACORDE O CORRESPONDIENTE A CADA REFERENCIA | AO1: LOS PRODUCTOS ESTAN SURTIDOS DE ACUERDO A PEPS O FIFO (REVISAR TANTO PRODUCTO SECO COMO HUMEDO) | AP1: CONOCE LOS INFALTABLES DEL PUNTO DE VENTA Y CUENTA CON EL MATERIAL DE APOYO (AYUDAVENTAS INFALTABLES) | AQ1: CONOCE Y TIENE SURTIDO DE ACUERDO A LA ESTRATEGIA DE EXHIBICIÓN (ETAPAS DE VIDA - SEGMENTACIÓN DE MARCAS) | AR1: CUAL ES LA ESTRATEGIA DE EXHIBICIÓN PARA LAS MARCAS MAINSTRAIN (ALPO Y GATSY) DE PURINA Y PORQUE? | AS1: CONOCE EL % DE PARTICIPACIÓN QUE TIENE EN EL PUNTO DE VENTA E INFORMA CUAL ES ESE % | AT1: SELECCIONE EL CANAL DEL PDV AUDITADO? | AU1: PREGUNTAR POR LAS PRESENTACIONES DE PRO PLAN LIVE CLEAR, SI ESTA LA NUEVA PRESENTACIÓN (X 1KG Y X 3KG) ¿TIENE EL STICKER DE COMUNICACIÓN DE NUEVA GRAMAJE? | AV1: ESTA IMPLEMENTADO LOS STICKER DE LA REDUCCIÓN DE PRECIOS EXCELLENT | AW1: ESTA DISPONIBLE LA ACTIVIDAD DE "GANA AL INSTANTE", SE ECUENTRA EJECUTADA LA EXHIBICIÓN Y LOS OBSEQUIOS DISPONIBLES | AX1: EXPLICA LA DINAMICA DE PARTICIPACIÓN EN "GANA AL INSTANTE" | AY1: DESEA AÑADIR ALGUNA OBSERVACION / NOVEDAD CON LA AUDITORIA REALIZADA? | AZ1: INDIQUE NOVEDAD DE LA NO REALIZACION | BA1: EN LA CADENA OLIMPICA CONOCE LA ACTIVIDAD DE MULTIPLEPRICING | BB1: HAY MATERIAL POP IMPLEMENTADO DE LA ACTIVIDAD "HOY GANAS MAÑANA TAMBIEN" | BC1: CT - ESTA IMPLEMENTADA LA NUEVA ESTRATEGIA DE BAJA DE PRECIOS | BD1: INDIQUE OBSERVACION / NOVEDAD EVIDENCIADA CON LA AUDITORIA REALIZADA
A2: NESTLE PURINA | B2: ANTIOQUIA | C2: MEDELLIN | D2: MODERNO | E2: SUPERETE | F2: SUPERETES | G2: ANTIOQUIA | H2: 99639 | I2: 99639-SUPERMERCADO MERKOPOLIS | J2: 0 | K2: Mercadeo | L2: 1 | M2: GESTION AUDITORIA - Abril | P2: 45776 | Q2: 45776.387 | R2: 45776.391 | S2: 26853795 | T2: PRODUCTIVIDAD | W2: User 11 | X2: NestleP.11 | Y2: CAMILO MONTAÑO RESTREPO | Z2: camilo.montano | AA2: SI | AB2: SI | AC2: SI | AD2: SI | AE2: SI | AF2: NO | AG2: SI | AH2: SI | AI2: SI | AJ2: NO | AK2: NO | AL2: NO | AM2: SI | AN2: SI | AO2: SI | AP2: NO | AQ2: SI | AR2: NO | AS2: NO | AT2: TRADICIONAL | AY2: SI | BC2: SI | BD2: Indica que la oferta son los paquetes pague 4 y lleve 5 o pague 5 lleve 6, no conoce otra oferta.
A3: NESTLE PURINA | B3: COSTA | C3: BARRANQUILLA | D3: MODERNO | E3: EXITO | F3: EXITO | G3: BARRANQUILLA | H3: 12034 | I3: EXITO SAN BLAS BARRANQUILLA | J3: 0 | K3: Mercadeo | L3: 1 | M3: GESTION AUDITORIA - Abril | P3: 45756 | Q3: 45775.588 | R3: 45775.589 | S3: 26831557 | T3: PRODUCTIVIDAD | W3: User 5 | X3: NestleP.5 | Y3: CAMILO MONTAÑO RESTREPO | Z3: camilo.montano | AA3: NO | AB3: NO | AZ3: No se encontró en pdv
A4: NESTLE PURINA | B4: COSTA | C4: BARRANQUILLA | D4: MODERNO | E4: SUPERETE | F4: SUPERETES | G4: BARRANQUILLA | H4: 95330 | I4: MEGATIENDAS EXPRESS UNICO BARRANQUILLA | J4: SAP993111 | K4: Mercadeo | L4: 1 | M4: GESTION AUDITORIA - Abril | P4: 45759 | Q4: 45775.592 | R4: 45775.594 | S4: 26831621 | T4: PRODUCTIVIDAD | W4: User 5 | X4: NestleP.5 | Y4: CAMILO MONTAÑO RESTREPO | Z4: camilo.montano | AA4: NO | AB4: SI | AC4: SI | AD4: SI | AE4: SI | AF4: NO | AG4: SI | AH4: SI | AI4: NO | AJ4: NO | AK4: NO | AL4: NO | AM4: SI | AN4: SI | AO4: SI | AP4: SI | AQ4: SI | AR4: SI | AS4: SI | AT4: MODERNO | AY4: NO | BA4: SI | BB4: NO
A5: NESTLE PURINA | B5: PACIFICO | C5: CALI | D5: ESPECIALIZADO | E5: AGRO/PSHOP/VET | F5: AGRO/PSHOP/VET | G5: CALI | H5: 191506 | I5: DEGANADO NORTE | J5: 0 | K5: Impulso | L5: 1 | M5: GESTION AUDITORIA - Abril | P5: 45771 | Q5: 45771.743 | R5: 45771.749 | S5: 26796192 | T5: PRODUCTIVIDAD | W5: User 7 | X5: NestleP.7 | Y5: CAMILO MONTAÑO RESTREPO | Z5: camilo.montano | AA5: SI | AB5: SI | AC5: SI | AD5: SI | AE5: SI | AF5: NO | AG5: SI | AH5: SI | AI5: NO | AJ5: NO | AK5: NO | AL5: NO | AM5: SI | AN5: NO | AO5: SI | AP5: SI | AQ5: SI | AR5: SI | AS5: SI | AT5: ESPECIALIZADO | AU5: SI | AV5: SI | AW5: NO | AX5: NO | AY5: NO
A6: NESTLE PURINA | B6: PACIFICO | C6: CALI | D6: MODERNO | E6: SODIMAC | F6: SODIMAC | G6: PACIFICO | H6: 447656 | I6: HOMECENTER CALI SUR | K6: Mercadeo | L6: 1 | M6: GESTION AUDITORIA - Abril | P6: 45773 | Q6: 45773.342 | R6: 45773.343 | S6: 26824020 | T6: PRODUCTIVIDAD | W6: User 7 | X6: NestleP.7 | Y6: CAMILO MONTAÑO RESTREPO | Z6: camilo.montano | AA6: NO | AB6: NO | AZ6: Me informan que la mercaderista esta de vacaciones se envia evidencia que se realizo la visita en el punto
A7: NESTLE PURINA | B7: PACIFICO | C7: CALI | D7: TRADICIONAL | E7: MODERNO | F7: INDEPENDIENTE | G7: PACIFICO | H7: 127066 | I7: MERCAFAMILIAR LAS PALMAS S.A.S. | J7: 0 | K7: Impulso | L7: 1 | M7: GESTION AUDITORIA - Abril | P7: 45771 | Q7: 45771.749 | R7: 45771.751 | S7: 26796224 | T7: PRODUCTIVIDAD | W7: User 7 | X7: NestleP.7 | Y7: CAMILO MONTAÑO RESTREPO | Z7: camilo.montano | AA7: NO | AB7: NO | AZ7: La supervisora informa que se realizo ayer el pdv y hoy estaba en Santander de quilichao la mercaderista la visita se realiza según malla horaria

Sheet Export
A1: ACTIVIDAD | B1: REGIONAL | C1: CIUDAD | D1: CANAL | E1: CADENA | F1: SUBCADENA | G1: ZONA | H1: RV | I1: CODIGO PDV | J1: NOMBRE COMERCIAL | K1: CODIGO EAN | L1: TIPO PUNTO VENTA | M1: CONSECUTIVO ENCUESTA | N1: NOMBRE ENCUESTA | O1: PREGUNTA | P1: RESPUESTA | Q1: CODIGO FOTO | R1: OBSERVACION | S1: FECHA VISITA | T1: FECHA INICIO VISITA | U1: FECHA CREACIÓN RESPUESTA | V1: CODIGO RUTA | W1: CLIENTE | X1: CODIGO EXHIBICION | Y1: NOMBRE EXHIBICION | Z1: NOMBRE USUARIO | AA1: USUARIO | AB1: NOMBRE SUPERVISOR | AC1: USUARIO SUPERVISOR
A2: NESTLE PURINA | B2: PACIFICO | C2: CALI | D2: ESPECIALIZADO | E2: AGRO/PSHOP/VET | F2: AGRO/PSHOP/VET | G2: CALI | I2: 191506 | J2: DEGANADO NORTE | K2: 0 | L2: Impulso | M2: 1 | N2: GESTION AUDITORIA - Abril | O2: SE LOGRA REALIZAR LA AUDITORIA? | P2: SI | S2: 24/04/2025 00:00:00 | T2: 24/04/2025 17:49:44 | U2: 24/04/2025 17:57:52 | V2: 26796192 | W2: PRODUCTIVIDAD | Z2: User 7 | AA2: NestleP.7 | AB2: CAMILO MONTAÑO RESTREPO | AC2: camilo.montano
A3: NESTLE PURINA | B3: PACIFICO | C3: CALI | D3: ESPECIALIZADO | E3: AGRO/PSHOP/VET | F3: AGRO/PSHOP/VET | G3: CALI | I3: 191506 | J3: DEGANADO NORTE | K3: 0 | L3: Impulso | M3: 1 | N3: GESTION AUDITORIA - Abril | O3: ¿CUMPLE HORARIO DE ENTRADA O SALIDA DE LA TIENDA? | P3: SI | S3: 24/04/2025 00:00:00 | T3: 24/04/2025 17:49:44 | U3: 24/04/2025 17:57:52 | V3: 26796192 | W3: PRODUCTIVIDAD | Z3: User 7 | AA3: NestleP.7 | AB3: CAMILO MONTAÑO RESTREPO | AC3: camilo.montano
A4: NESTLE PURINA | B4: PACIFICO | C4: CALI | D4: ESPECIALIZADO | E4: AGRO/PSHOP/VET | F4: AGRO/PSHOP/VET | G4: CALI | I4: 191506 | J4: DEGANADO NORTE | K4: 0 | L4: Impulso | M4: 1 | N4: GESTION AUDITORIA - Abril | O4: CUENTA CON PANTALON DEL UNIFORME SEGÚN EL CARGO (NEGRO / ROJO / TURQUESA / JEAN) | P4: SI | S4: 24/04/2025 00:00:00 | T4: 24/04/2025 17:49:44 | U4: 24/04/2025 17:57:52 | V4: 26796192 | W4: PRODUCTIVIDAD | Z4: User 7 | AA4: NestleP.7 | AB4: CAMILO MONTAÑO RESTREPO | AC4: camilo.montano
A5: NESTLE PURINA | B5: PACIFICO | C5: CALI | D5: ESPECIALIZADO | E5: AGRO/PSHOP/VET | F5: AGRO/PSHOP/VET | G5: CALI | I5: 191506 | J5: DEGANADO NORTE | K5: 0 | L5: Impulso | M5: 1 | N5: GESTION AUDITORIA - Abril | O5: CUENTA CON CAMISA DEL UNIFORME Y LOGOS SEGÚN EL CARGO (NEGRA / GRIS / ROJA / TURQUESA) (ES PERMITIDO USAR DEBAJO DE LA CAMISA BUSO MANGA LARGA NEGRO) | P5: SI | S5: 24/04/2025 00:00:00 | T5: 24/04/2025 17:49:44 | U5: 24/04/2025 17:57:52 | V5: 26796192 | W5: PRODUCTIVIDAD | Z5: User 7 | AA5: NestleP.7 | AB5: CAMILO MONTAÑO RESTREPO | AC5: camilo.montano
A6: NESTLE PURINA | B6: PACIFICO | C6: CALI | D6: ESPECIALIZADO | E6: AGRO/PSHOP/VET | F6: AGRO/PSHOP/VET | G6: CALI | I6: 191506 | J6: DEGANADO NORTE | K6: 0 | L6: Impulso | M6: 1 | N6: GESTION AUDITORIA - Abril | O6: CUENTA CON CALZADO DE ACUERDO AL UNIFORME | P6: SI | S6: 24/04/2025 00:00:00 | T6: 24/04/2025 17:49:44 | U6: 24/04/2025 17:57:52 | V6: 26796192 | W6: PRODUCTIVIDAD | Z6: User 7 | AA6: NestleP.7 | AB6: CAMILO MONTAÑO RESTREPO | AC6: camilo.montano
A7: NESTLE PURINA | B7: PACIFICO | C7: CALI | D7: ESPECIALIZADO | E7: AGRO/PSHOP/VET | F7: AGRO/PSHOP/VET | G7: CALI | I7: 191506 | J7: DEGANADO NORTE | K7: 0 | L7: Impulso | M7: 1 | N7: GESTION AUDITORIA - Abril | O7: POSEE ALGUNA PRENDA ENCIMA DEL UNIFORME NO AUTORIZADA POR LA MARCA (UNICAMENTE ESTA PERMITIDO CHALECO DE SODIMAC Y EASY) | P7: NO | S7: 24/04/2025 00:00:00 | T7: 24/04/2025 17:49:44 | U7: 24/04/2025 17:57:52 | V7: 26796192 | W7: PRODUCTIVIDAD | Z7: User 7 | AA7: NestleP.7 | AB7: CAMILO MONTAÑO RESTREPO | AC7: camilo.montano
A8: NESTLE PURINA | B8: PACIFICO | C8: CALI | D8: ESPECIALIZADO | E8: AGRO/PSHOP/VET | F8: AGRO/PSHOP/VET | G8: CALI | I8: 191506 | J8: DEGANADO NORTE | K8: 0 | L8: Impulso | M8: 1 | N8: GESTION AUDITORIA - Abril | O8: EL UNIFORME Y ZAPATOS SE ENCUENTRAN LIMPIOS Y EN BUEN ESTADO | P8: SI | S8: 24/04/2025 00:00:00 | T8: 24/04/2025 17:49:44 | U8: 24/04/2025 17:57:52 | V8: 26796192 | W8: PRODUCTIVIDAD | Z8: User 7 | AA8: NestleP.7 | AB8: CAMILO MONTAÑO RESTREPO | AC8: camilo.montano
A9: NESTLE PURINA | B9: PACIFICO | C9: CALI | D9: ESPECIALIZADO | E9: AGRO/PSHOP/VET | F9: AGRO/PSHOP/VET | G9: CALI | I9: 191506 | J9: DEGANADO NORTE | K9: 0 | L9: Impulso | M9: 1 | N9: GESTION AUDITORIA - Abril | O9: SU CABELLO LUCE LIMPIO, ORGANIZADO O RECOGIDO | P9: SI | S9: 24/04/2025 00:00:00 | T9: 24/04/2025 17:49:44 | U9: 24/04/2025 17:57:52 | V9: 26796192 | W9: PRODUCTIVIDAD | Z9: User 7 | AA9: NestleP.7 | AB9: CAMILO MONTAÑO RESTREPO | AC9: camilo.montano
A10: NESTLE PURINA | B10: PACIFICO | C10: CALI | D10: ESPECIALIZADO | E10: AGRO/PSHOP/VET | F10: AGRO/PSHOP/VET | G10: CALI | I10: 191506 | J10: DEGANADO NORTE | K10: 0 | L10: Impulso | M10: 1 | N10: GESTION AUDITORIA - Abril | O10: PRESENTA EXCESO DE MAQUILLAJE QUE NO CUMPLE CON EL CODIGO DE VESTIMENTA | P10: NO | S10: 24/04/2025 00:00:00 | T10: 24/04/2025 17:49:44 | U10: 24/04/2025 17:57:52 | V10: 26796192 | W10: PRODUCTIVIDAD | Z10: User 7 | AA10: NestleP.7 | AB10: CAMILO MONTAÑO RESTREPO | AC10: camilo.montano
A11: NESTLE PURINA | B11: PACIFICO | C11: CALI | D11: ESPECIALIZADO | E11: AGRO/PSHOP/VET | F11: AGRO/PSHOP/VET | G11: CALI | I11: 191506 | J11: DEGANADO NORTE | K11: 0 | L11: Impulso | M11: 1 | N11: GESTION AUDITORIA - Abril | O11: TIENE TATUAJES O PIERCINGS VISIBLES QUE NO CUMPLE CON EL CODIGO DE VESTIMENTA | P11: NO | S11: 24/04/2025 00:00:00 | T11: 24/04/2025 17:49:44 | U11: 24/04/2025 17:57:52 | V11: 26796192 | W11: PRODUCTIVIDAD | Z11: User 7 | AA11: NestleP.7 | AB11: CAMILO MONTAÑO RESTREPO | AC11: camilo.montano
A12: NESTLE PURINA | B12: PACIFICO | C12: CALI | D12: ESPECIALIZADO | E12: AGRO/PSHOP/VET | F12: AGRO/PSHOP/VET | G12: CALI | I12: 191506 | J12: DEGANADO NORTE | K12: 0 | L12: Impulso | M12: 1 | N12: GESTION AUDITORIA - Abril | O12: TIENE UÑAS LLAMATIVAS Y/O LARGAS QUE NO CUMPLE CON EL CODIGO DE VESTIMENTA | P12: NO | S12: 24/04/2025 00:00:00 | T12: 24/04/2025 17:49:44 | U12: 24/04/2025 17:57:52 | V12: 26796192 | W12: PRODUCTIVIDAD | Z12: User 7 | AA12: NestleP.7 | AB12: CAMILO MONTAÑO RESTREPO | AC12: camilo.montano
A13: NESTLE PURINA | B13: PACIFICO | C13: CALI | D13: ESPECIALIZADO | E13: AGRO/PSHOP/VET | F13: AGRO/PSHOP/VET | G13: CALI | I13: 191506 | J13: DEGANADO NORTE | K13: 0 | L13: Impulso | M13: 1 | N13: GESTION AUDITORIA - Abril | O13: USA ACCESORIOS QUE NO CUMPLE CON EL CODIGO DE VESTIMENTA | P13: NO | S13: 24/04/2025 00:00:00 | T13: 24/04/2025 17:49:44 | U13: 24/04/2025 17:57:52 | V13: 26796192 | W13: PRODUCTIVIDAD | Z13: User 7 | AA13: NestleP.7 | AB13: CAMILO MONTAÑO RESTREPO | AC13: camilo.montano
... A28: NESTLE PURINA | B28: PACIFICO | C28: CALI | D28: TRADICIONAL | E28: MODERNO | F28: INDEPENDIENTE | G28: PACIFICO | I28: 127066 | J28: MERCAFAMILIAR LAS PALMAS S.A.S. | K28: 0 | L28: Impulso | M28: 1 | N28: GESTION AUDITORIA - Abril | O28: INDIQUE NOVEDAD DE LA NO REALIZACION | P28: La supervisora informa que se realizo ayer el pdv y hoy estaba en Santander de quilichao la mercaderista la visita se realiza según malla horaria | S28: 24/04/2025 00:00:00 | T28: 24/04/2025 17:59:09 | U28: 24/04/2025 18:02:01 | V28: 26796224 | W28: PRODUCTIVIDAD | Z28: User 7 | AA28: NestleP.7 | AB28: CAMILO MONTAÑO RESTREPO | AC28: camilo.montano
A29: NESTLE PURINA | B29: PACIFICO | C29: CALI | D29: MODERNO | E29: SODIMAC | F29: SODIMAC | G29: PACIFICO | I29: 447656 | J29: HOMECENTER CALI SUR | L29: Mercadeo | M29: 1 | N29: GESTION AUDITORIA - Abril | O29: SE LOGRA REALIZAR LA AUDITORIA? | P29: NO | S29: 26/04/2025 00:00:00 | T29: 26/04/2025 08:12:42 | U29: 26/04/2025 08:14:21 | V29: 26824020 | W29: PRODUCTIVIDAD | Z29: User 7 | AA29: NestleP.7 | AB29: CAMILO MONTAÑO RESTREPO | AC29: camilo.montano
A30: NESTLE PURINA | B30: PACIFICO | C30: CALI | D30: MODERNO | E30: SODIMAC | F30: SODIMAC | G30: PACIFICO | I30: 447656 | J30: HOMECENTER CALI SUR | L30: Mercadeo | M30: 1 | N30: GESTION AUDITORIA - Abril | O30: INDIQUE NOVEDAD DE LA NO REALIZACION | P30: Me informan que la mercaderista esta de vacaciones se envia evidencia que se realizo la visita en el punto | S30: 26/04/2025 00:00:00 | T30: 26/04/2025 08:12:42 | U30: 26/04/2025 08:14:21 | V30: 26824020 | W30: PRODUCTIVIDAD | Z30: User 7 | AA30: NestleP.7 | AB30: CAMILO MONTAÑO RESTREPO | AC30: camilo.montano
A31: NESTLE PURINA | B31: COSTA | C31: BARRANQUILLA | D31: MODERNO | E31: EXITO | F31: EXITO | G31: BARRANQUILLA | I31: 12034 | J31: EXITO SAN BLAS BARRANQUILLA | K31: 0 | L31: Mercadeo | M31: 1 | N31: GESTION AUDITORIA - Abril | O31: SE LOGRA REALIZAR LA AUDITORIA? | P31: NO | S31: 09/04/2025 00:00:00 | T31: 28/04/2025 14:06:51 | U31: 28/04/2025 14:07:31 | V31: 26831557 | W31: PRODUCTIVIDAD | Z31: User 5 | AA31: NestleP.5 | AB31: CAMILO MONTAÑO RESTREPO | AC31: camilo.montano
A32: NESTLE PURINA | B32: COSTA | C32: BARRANQUILLA | D32: MODERNO | E32: EXITO | F32: EXITO | G32: BARRANQUILLA | I32: 12034 | J32: EXITO SAN BLAS BARRANQUILLA | K32: 0 | L32: Mercadeo | M32: 1 | N32: GESTION AUDITORIA - Abril | O32: INDIQUE NOVEDAD DE LA NO REALIZACION | P32: No se encontró en pdv | S32: 09/04/2025 00:00:00 | T32: 28/04/2025 14:06:51 | U32: 28/04/2025 14:07:31 | V32: 26831557 | W32: PRODUCTIVIDAD | Z32: User 5 | AA32: NestleP.5 | AB32: CAMILO MONTAÑO RESTREPO | AC32: camilo.montano
A33: NESTLE PURINA | B33: COSTA | C33: BARRANQUILLA | D33: MODERNO | E33: SUPERETE | F33: SUPERETES | G33: BARRANQUILLA | I33: 95330 | J33: MEGATIENDAS EXPRESS UNICO BARRANQUILLA | K33: SAP993111 | L33: Mercadeo | M33: 1 | N33: GESTION AUDITORIA - Abril | O33: SE LOGRA REALIZAR LA AUDITORIA? | P33: SI | S33: 12/04/2025 00:00:00 | T33: 28/04/2025 14:12:54 | U33: 28/04/2025 14:16:00 | V33: 26831621 | W33: PRODUCTIVIDAD | Z33: User 5 | AA33: NestleP.5 | AB33: CAMILO MONTAÑO RESTREPO | AC33: camilo.montano
A34: NESTLE PURINA | B34: COSTA | C34: BARRANQUILLA | D34: MODERNO | E34: SUPERETE | F34: SUPERETES | G34: BARRANQUILLA | I34: 95330 | J34: MEGATIENDAS EXPRESS UNICO BARRANQUILLA | K34: SAP993111 | L34: Mercadeo | M34: 1 | N34: GESTION AUDITORIA - Abril | O34: ¿CUMPLE HORARIO DE ENTRADA O SALIDA DE LA TIENDA? | P34: SI | S34: 12/04/2025 00:00:00 | T34: 28/04/2025 14:12:54 | U34: 28/04/2025 14:16:00 | V34: 26831621 | W34: PRODUCTIVIDAD | Z34: User 5 | AA34: NestleP.5 | AB34: CAMILO MONTAÑO RESTREPO | AC34: camilo.montano
A35: NESTLE PURINA | B35: COSTA | C35: BARRANQUILLA | D35: MODERNO | E35: SUPERETE | F35: SUPERETES | G35: BARRANQUILLA | I35: 95330 | J35: MEGATIENDAS EXPRESS UNICO BARRANQUILLA | K35: SAP993111 | L35: Mercadeo | M35: 1 | N35: GESTION AUDITORIA - Abril | O35: CUENTA CON PANTALON DEL UNIFORME SEGÚN EL CARGO (NEGRO / ROJO / TURQUESA / JEAN) | P35: SI | S35: 12/04/2025 00:00:00 | T35: 28/04/2025 14:12:54 | U35: 28/04/2025 14:16:00 | V35: 26831621 | W35: PRODUCTIVIDAD | Z35: User 5 | AA35: NestleP.5 | AB35: CAMILO MONTAÑO RESTREPO | AC35: camilo.montano
A36: NESTLE PURINA | B36: COSTA | C36: BARRANQUILLA | D36: MODERNO | E36: SUPERETE | F36: SUPERETES | G36: BARRANQUILLA | I36: 95330 | J36: MEGATIENDAS EXPRESS UNICO BARRANQUILLA | K36: SAP993111 | L36: Mercadeo | M36: 1 | N36: GESTION AUDITORIA - Abril | O36: CUENTA CON CAMISA DEL UNIFORME Y LOGOS SEGÚN EL CARGO (NEGRA / GRIS / ROJA / TURQUESA) (ES PERMITIDO USAR DEBAJO DE LA CAMISA BUSO MANGA LARGA NEGRO) | P36: SI | S36: 12/04/2025 00:00:00 | T36: 28/04/2025 14:12:54 | U36: 28/04/2025 14:16:00 | V36: 26831621 | W36: PRODUCTIVIDAD | Z36: User 5 | AA36: NestleP.5 | AB36: CAMILO MONTAÑO RESTREPO | AC36: camilo.montano
A37: NESTLE PURINA | B37: COSTA | C37: BARRANQUILLA | D37: MODERNO | E37: SUPERETE | F37: SUPERETES | G37: BARRANQUILLA | I37: 95330 | J37: MEGATIENDAS EXPRESS UNICO BARRANQUILLA | K37: SAP993111 | L37: Mercadeo | M37: 1 | N37: GESTION AUDITORIA - Abril | O37: CUENTA CON CALZADO DE ACUERDO AL UNIFORME | P37: SI | S37: 12/04/2025 00:00:00 | T37: 28/04/2025 14:12:54 | U37: 28/04/2025 14:16:00 | V37: 26831621 | W37: PRODUCTIVIDAD | Z37: User 5 | AA37: NestleP.5 | AB37: CAMILO MONTAÑO RESTREPO | AC37: camilo.montano
A38: NESTLE PURINA | B38: COSTA | C38: BARRANQUILLA | D38: MODERNO | E38: SUPERETE | F38: SUPERETES | G38: BARRANQUILLA | I38: 95330 | J38: MEGATIENDAS EXPRESS UNICO BARRANQUILLA | K38: SAP993111 | L38: Mercadeo | M38: 1 | N38: GESTION AUDITORIA - Abril | O38: POSEE ALGUNA PRENDA ENCIMA DEL UNIFORME NO AUTORIZADA POR LA MARCA (UNICAMENTE ESTA PERMITIDO CHALECO DE SODIMAC Y EASY) | P38: NO | S38: 12/04/2025 00:00:00 | T38: 28/04/2025 14:12:54 | U38: 28/04/2025 14:16:00 | V38: 26831621 | W38: PRODUCTIVIDAD | Z38: User 5 | AA38: NestleP.5 | AB38: CAMILO MONTAÑO RESTREPO | AC38: camilo.montano
A39: NESTLE PURINA | B39: COSTA | C39: BARRANQUILLA | D39: MODERNO | E39: SUPERETE | F39: SUPERETES | G39: BARRANQUILLA | I39: 95330 | J39: MEGATIENDAS EXPRESS UNICO BARRANQUILLA | K39: SAP993111 | L39: Mercadeo | M39: 1 | N39: GESTION AUDITORIA - Abril | O39: EL UNIFORME Y ZAPATOS SE ENCUENTRAN LIMPIOS Y EN BUEN ESTADO | P39: SI | S39: 12/04/2025 00:00:00 | T39: 28/04/2025 14:12:54 | U39: 28/04/2025 14:16:00 | V39: 26831621 | W39: PRODUCTIVIDAD | Z39: User 5 | AA39: NestleP.5 | AB39: CAMILO MONTAÑO RESTREPO | AC39: camilo.montano
A40: NESTLE PURINA | B40: COSTA | C40: BARRANQUILLA | D40: MODERNO | E40: SUPERETE | F40: SUPERETES | G40: BARRANQUILLA | I40: 95330 | J40: MEGATIENDAS EXPRESS UNICO BARRANQUILLA | K40: SAP993111 | L40: Mercadeo | M40: 1 | N40: GESTION AUDITORIA - Abril | O40: SU CABELLO LUCE LIMPIO, ORGANIZADO O RECOGIDO | P40: SI | S40: 12/04/2025 00:00:00 | T40: 28/04/2025 14:12:54 | U40: 28/04/2025 14:16:00 | V40: 26831621 | W40: PRODUCTIVIDAD | Z40: User 5 | AA40: NestleP.5 | AB40: CAMILO MONTAÑO RESTREPO | AC40: camilo.montano
A41: NESTLE PURINA | B41: COSTA | C41: BARRANQUILLA | D41: MODERNO | E41: SUPERETE | F41: SUPERETES | G41: BARRANQUILLA | I41: 95330 | J41: MEGATIENDAS EXPRESS UNICO BARRANQUILLA | K41: SAP993111 | L41: Mercadeo | M41: 1 | N41: GESTION AUDITORIA - Abril | O41: PRESENTA EXCESO DE MAQUILLAJE QUE NO CUMPLE CON EL CODIGO DE VESTIMENTA | P41: NO | S41: 12/04/2025 00:00:00 | T41: 28/04/2025 14:12:54 | U41: 28/04/2025 14:16:00 | V41: 26831621 | W41: PRODUCTIVIDAD | Z41: User 5 | AA41: NestleP.5 | AB41: CAMILO MONTAÑO RESTREPO | AC41: camilo.montano
A42: NESTLE PURINA | B42: COSTA | C42: BARRANQUILLA | D42: MODERNO | E42: SUPERETE | F42: SUPERETES | G42: BARRANQUILLA | I42: 95330 | J42: MEGATIENDAS EXPRESS UNICO BARRANQUILLA | K42: SAP993111 | L42: Mercadeo | M42: 1 | N42: GESTION AUDITORIA - Abril | O42: TIENE TATUAJES O PIERCINGS VISIBLES QUE NO CUMPLE CON EL CODIGO DE VESTIMENTA | P42: NO | S42: 12/04/2025 00:00:00 | T42: 28/04/2025 14:12:54 | U42: 28/04/2025 14:16:00 | V42: 26831621 | W42: PRODUCTIVIDAD | Z42: User 5 | AA42: NestleP.5 | AB42: CAMILO MONTAÑO RESTREPO | AC42: camilo.montano
... A78: NESTLE PURINA | B78: ANTIOQUIA | C78: MEDELLIN | D78: MODERNO | E78: SUPERETE | F78: SUPERETES | G78: ANTIOQUIA | I78: 99639 | J78: 99639-SUPERMERCADO MERKOPOLIS | K78: 0 | L78: Mercadeo | M78: 1 | N78: GESTION AUDITORIA - Abril | O78: INDIQUE OBSERVACION / NOVEDAD EVIDENCIADA CON LA AUDITORIA REALIZADA | P78: Indica que la oferta son los paquetes pague 4 y lleve 5 o pague 5 lleve 6, no conoce otra oferta. | S78: 29/04/2025 00:00:00 | T78: 29/04/2025 09:17:57 | U78: 29/04/2025 09:22:55 | V78: 26853795 | W78: PRODUCTIVIDAD | Z78: User 11 | AA78: NestleP.11 | AB78: CAMILO MONTAÑO RESTREPO | AC78: camilo.montano
