Workbook
Name SegmentaciónDeDatos_CIUDAD: #N/A
Name SegmentaciónDeDatos_NOMBRE_COMERCIAL: #N/A

Sheet INFORME
A1: INFORME AUDITORIA JUNIO
D3: EJECUCION DEL PLAN
D4: CIUDAD | E4: #PDV Obj. | F4: #PDV Eje. | G4: .% Ejecucion | H4: Obj Mystery | I4: Mystery Eje. | J4: % Efectividad.
D5: MEDELLIN | E5: 1 | F5: 1 | G5: 1 | H5: 1 | I5: 1 | J5: 1
D6: CALI | E6: 4 | F6: 4 | G6: 1 | H6: 4 | I6: 2 | J6: 0.5
D7: BOGOTA | E7: 1 | F7: 1 | G7: 1 | H7: 1 | I7: 0 | J7: 0
D8: Total general | E8: 6 | F8: 6 | G8: 1 | H8: 6 | I8: 3 | J8: 0.5
D15: MYSTERY POR CLUSTER
D16: Suma de % MYSTERY | E16: Etiquetas de columna
D17: CLUSTER | E17: MODERNO | F17: TRADICIONAL | G17: % MYSTERY
D18: HORARIO | E18: 1 | F18: 1 | G18: 1
D19: PRESENTACIÓN PERSONAL | E19: 1 | F19: 1 | G19: 1
D20: ACTIVIDADES DEL MES | E20: 0.5 | F20: 1 | G20: 0.75
D21: EJECUCIÓN DEL PDV | E21: 0.28571429 | F21: 0.92857143 | G21: 0.71428571
D22: % MYSTERY | E22: 0.61278195 | F22: 0.96848739 | G22: 0.84097035
D25: MYSTERY POR CLUSTER - CIUDAD
D26: Suma de % MYSTERY | E26: Etiquetas de columna
D27: CLUSTER | E27: CALI | F27: MEDELLIN | G27: % MYSTERY
D28: HORARIO | E28: 1 | F28: 1 | G28: 1
D29: PRESENTACIÓN PERSONAL | E29: 1 | F29: 1 | G29: 1
D30: ACTIVIDADES DEL MES | E30: 0.66666667 | F30: 1 | G30: 0.75
D31: EJECUCIÓN DEL PDV | E31: 0.64285714 | F31: 0.85714286 | G31: 0.71428571
D32: % MYSTERY | E32: 0.79563492 | F32: 0.93697479 | G32: 0.84097035
D39: MYSTERY EFECTIVO | E39: (Todas)
D40: MYSTERY POR PDV
D41: Suma de % MYSTERY | G41: CLUSTER
D42: CIUDAD | E42: CANAL | F42: NOMBRE COMERCIAL | G42: ACTIVIDADES DEL MES | H42: EJECUCIÓN DEL PDV | I42: HORARIO | J42: PRESENTACIÓN PERSONAL | K42: % MYSTERY
D43: CALI | E43: MODERNO | F43: MERCAMIO CALLE 5 | G43: 0.5 | H43: 0.28571429 | I43: 1 | J43: 1 | K43: 0.61278195
D44: CALI | E44: TRADICIONAL | F44: LA CASA DE LOS TENDEROS | G44: 1 | H44: 1 | I44: 1 | J44: 1 | K44: 1
D45: MEDELLIN | E45: TRADICIONAL | F45: 12211-PROVEEDURIA EMPRESAS PUBLICAS EPM | G45: 1 | H45: 0.85714286 | I45: 1 | J45: 1 | K45: 0.93697479
D46: % MYSTERY | G46: 0.75 | H46: 0.71428571 | I46: 1 | J46: 1 | K46: 0.84097035

Sheet Videos
A1: CIUDAD | B1: NOMBRE COMERCIAL | C1: VIDEO 1 | D1: VIDEO 2 | E1: VIDEO 3 | F1: VIDEO 4 | G1: VIDEO 5
A2: BOGOTA | B2: ZAPATOCA VILLA LUZ | C2: MYSTERY ZAPATOCA VILLA LUZ.avi - Google Drive | D2: - | E2: - | F2: - | G2: -
A3: CALI | B3: 55306-SUPAPA REFUGIO | C3: AUDITORIA SU PAPA EL REFUGIO.mp4 - Google Drive | D3: - | E3: - | F3: - | G3: -
A4: CALI | B4: 456498-MERCA Z CALI | C4: AUDITORIA MERCAZ (1).mp4 - Google Drive | D4: - | E4: - | F4: - | G4: -
A5: CALI | B5: MERCAMIO CALLE 5 | C5: AUDITORIA MERCAMIO CL 5.mp4 - Google Drive | D5: - | E5: - | F5: - | G5: -
A6: CALI | B6: LA CASA DE LOS TENDEROS | C6: AUDITORIA LA TIENDA DE LOS TENDEROS.mp4 - Google Drive | D6: - | E6: - | F6: - | G6: -
A7: MEDELLIN | B7: 12211-PROVEEDURIA EMPRESAS PUBLICAS EPM | C7: Proveeduria epm junio 14.mp4 - Google Drive | D7: - | E7: - | F7: - | G7: -

Sheet PUNTAJES
A1: ACTIVIDAD | B1: CIUDAD | C1: CANAL | D1: CADENA | E1: CODIGO PDV | F1: NOMBRE COMERCIAL | G1: PREGUNTA | H1: RTA | I1: FECHA VISITA | J1: CODIGO RUTA | K1: USUARIO | L1: MYSTERY EFECTIVO | M1: CLUSTER | N1: TOTAL PUNTAJE | O1: RTA CORRECTA | P1: PUNTAJE OBTENIDO | Q1: Columna1 | R1: Columna2 | T1: SI(O(G17="Dog Chow";G17="Cat Chow";G17="Alpo";G17="Gatsy";G17="Feliz");N17;0) | U1: SI(O(G29="Dog Chow húmedo";G29="Cat Chow húmedo";G29="Fancy Feast";G29="Felix";G29="Proplan húmedo";G29="One húmedo";G29="Snack Abrazzos";G29="Snak Dentalife";G29="Arenilla Tidy Cat");N29;0)
A2: NESTLE PURINA | B2: CALI | C2: TRADICIONAL | D2: SUPERETE | E2: 66552 | F2: LA CASA DE LOS TENDEROS | G2: SE LOGRA REALIZAR LA AUDITORIA? | H2: SI | J2: 27474721 | K2: NestleP.7 | L2: =_xlfn.XLOOKUP(Tabla2__2[[#This Row],[CODIGO RUTA]],'DATA INFORME'!I:I,'DATA INFORME'!K:K) -> SI | M2: =IF(Tabla2__2[[#This Row],[MYSTERY EFECTIVO]]="SI",_xlfn.XLOOKUP(Tabla2__2[[#This Row],[PREGUNTA]],ENCUESTA!G:G,ENCUESTA!D:D),"N/A") -> N/A | N2: =IF(Tabla2__2[[#This Row],[MYSTERY EFECTIVO]]="SI",(IF(Tabla2__2[[#This Row],[CANAL]]="TRADICIONAL",_xlfn.XLOOKUP(Tabla2__2[[#This Row],[PREGUNTA]],ENCUESTA!G:G,ENCUESTA!A:A),IF(Tabla2__2[[#This Row],[CANAL]]="ESPECIALIZADO",_xlfn.XLOOKUP(Tabla2__2[[#This Row],[PREGUNTA]],ENCUESTA!G:G,ENCUESTA!B:B),IF(Tabla2__2[[#This Row],[CANAL]]="MODERNO",_xlfn.XLOOKUP(Tabla2__2[[#This Row],[PREGUNTA]],ENCUESTA!G:G,ENCUESTA!C:C))))),0) -> 0 | O2: =_xlfn.XLOOKUP(Tabla2__2[[#This Row],[PREGUNTA]],ENCUESTA!G:G,ENCUESTA!H:H) -> 0 | P2: =IF(Tabla2__2[[#This Row],[RTA]]=Tabla2__2[[#This Row],[RTA CORRECTA]],Tabla2__2[[#This Row],[TOTAL PUNTAJE]],0) -> 0 | Q2: =IF(OR(H2="Dog Chow húmedo",H2="Cat Chow húmedo",H2="Fancy Feast",H2="Felix",H2="Proplan húmedo",H2="One húmedo",H2="Snack Abrazzos",H2="Snak Dentalife",H2="Arenilla Tidy Cat"),N2,0) -> 0
A3: NESTLE PURINA | B3: CALI | C3: MODERNO | D3: SUPERETE | E3: 29714 | F3: MERCAMIO CALLE 5 | G3: TIENE TATUAJES O PIERCINGS VISIBLES QUE NO CUMPLE CON EL CODIGO DE VESTIMENTA | H3: NO | J3: 27529996 | K3: NestleP.7 | L3: =_xlfn.XLOOKUP(Tabla2__2[[#This Row],[CODIGO RUTA]],'DATA INFORME'!I:I,'DATA INFORME'!K:K) -> SI | M3: =IF(Tabla2__2[[#This Row],[MYSTERY EFECTIVO]]="SI",_xlfn.XLOOKUP(Tabla2__2[[#This Row],[PREGUNTA]],ENCUESTA!G:G,ENCUESTA!D:D),"N/A") -> PRESENTACIÓN PERSONAL | N3: =IF(Tabla2__2[[#This Row],[MYSTERY EFECTIVO]]="SI",(IF(Tabla2__2[[#This Row],[CANAL]]="TRADICIONAL",_xlfn.XLOOKUP(Tabla2__2[[#This Row],[PREGUNTA]],ENCUESTA!G:G,ENCUESTA!A:A),IF(Tabla2__2[[#This Row],[CANAL]]="ESPECIALIZADO",_xlfn.XLOOKUP(Tabla2__2[[#This Row],[PREGUNTA]],ENCUESTA!G:G,ENCUESTA!B:B),IF(Tabla2__2[[#This Row],[CANAL]]="MODERNO",_xlfn.XLOOKUP(Tabla2__2[[#This Row],[PREGUNTA]],ENCUESTA!G:G,ENCUESTA!C:C))))),0) -> 1 | O3: =_xlfn.XLOOKUP(Tabla2__2[[#This Row],[PREGUNTA]],ENCUESTA!G:G,ENCUESTA!H:H) -> NO | P3: =IF(Tabla2__2[[#This Row],[RTA]]=Tabla2__2[[#This Row],[RTA CORRECTA]],Tabla2__2[[#This Row],[TOTAL PUNTAJE]],0) -> 1 | Q3: =IF(OR(H3="Dog Chow húmedo",H3="Cat Chow húmedo",H3="Fancy Feast",H3="Felix",H3="Proplan húmedo",H3="One húmedo",H3="Snack Abrazzos",H3="Snak Dentalife",H3="Arenilla Tidy Cat"),N3,0) -> 0
A4: NESTLE PURINA | B4: CALI | C4: MODERNO | D4: SUPERETE | E4: 29714 | F4: MERCAMIO CALLE 5 | G4: PRESENTA EXCESO DE MAQUILLAJE QUE NO CUMPLE CON EL CODIGO DE VESTIMENTA | H4: NO | J4: 27529996 | K4: NestleP.7 | L4: =_xlfn.XLOOKUP(Tabla2__2[[#This Row],[CODIGO RUTA]],'DATA INFORME'!I:I,'DATA INFORME'!K:K) -> SI | M4: =IF(Tabla2__2[[#This Row],[MYSTERY EFECTIVO]]="SI",_xlfn.XLOOKUP(Tabla2__2[[#This Row],[PREGUNTA]],ENCUESTA!G:G,ENCUESTA!D:D),"N/A") -> PRESENTACIÓN PERSONAL | N4: =IF(Tabla2__2[[#This Row],[MYSTERY EFECTIVO]]="SI",(IF(Tabla2__2[[#This Row],[CANAL]]="TRADICIONAL",_xlfn.XLOOKUP(Tabla2__2[[#This Row],[PREGUNTA]],ENCUESTA!G:G,ENCUESTA!A:A),IF(Tabla2__2[[#This Row],[CANAL]]="ESPECIALIZADO",_xlfn.XLOOKUP(Tabla2__2[[#This Row],[PREGUNTA]],ENCUESTA!G:G,ENCUESTA!B:B),IF(Tabla2__2[[#This Row],[CANAL]]="MODERNO",_xlfn.XLOOKUP(Tabla2__2[[#This Row],[PREGUNTA]],ENCUESTA!G:G,ENCUESTA!C:C))))),0) -> 1 | O4: =_xlfn.XLOOKUP(Tabla2__2[[#This Row],[PREGUNTA]],ENCUESTA!G:G,ENCUESTA!H:H) -> NO | P4: =IF(Tabla2__2[[#This Row],[RTA]]=Tabla2__2[[#This Row],[RTA CORRECTA]],Tabla2__2[[#This Row],[TOTAL PUNTAJE]],0) -> 1 | Q4: =IF(OR(H4="Dog Chow húmedo",H4="Cat Chow húmedo",H4="Fancy Feast",H4="Felix",H4="Proplan húmedo",H4="One húmedo",H4="Snack Abrazzos",H4="Snak Dentalife",H4="Arenilla Tidy Cat"),N4,0) -> 0
A5: NESTLE PURINA | B5: CALI | C5: MODERNO | D5: SUPERETE | E5: 29714 | F5: MERCAMIO CALLE 5 | G5: SU CABELLO LUCE LIMPIO, ORGANIZADO O RECOGIDO | H5: SI | J5: 27529996 | K5: NestleP.7 | L5: =_xlfn.XLOOKUP(Tabla2__2[[#This Row],[CODIGO RUTA]],'DATA INFORME'!I:I,'DATA INFORME'!K:K) -> SI | M5: =IF(Tabla2__2[[#This Row],[MYSTERY EFECTIVO]]="SI",_xlfn.XLOOKUP(Tabla2__2[[#This Row],[PREGUNTA]],ENCUESTA!G:G,ENCUESTA!D:D),"N/A") -> PRESENTACIÓN PERSONAL | N5: =IF(Tabla2__2[[#This Row],[MYSTERY EFECTIVO]]="SI",(IF(Tabla2__2[[#This Row],[CANAL]]="TRADICIONAL",_xlfn.XLOOKUP(Tabla2__2[[#This Row],[PREGUNTA]],ENCUESTA!G:G,ENCUESTA!A:A),IF(Tabla2__2[[#This Row],[CANAL]]="ESPECIALIZADO",_xlfn.XLOOKUP(Tabla2__2[[#This Row],[PREGUNTA]],ENCUESTA!G:G,ENCUESTA!B:B),IF(Tabla2__2[[#This Row],[CANAL]]="MODERNO",_xlfn.XLOOKUP(Tabla2__2[[#This Row],[PREGUNTA]],ENCUESTA!G:G,ENCUESTA!C:C))))),0) -> 1 | O5: =_xlfn.XLOOKUP(Tabla2__2[[#This Row],[PREGUNTA]],ENCUESTA!G:G,ENCUESTA!H:H) -> SI | P5: =IF(Tabla2__2[[#This Row],[RTA]]=Tabla2__2[[#This Row],[RTA CORRECTA]],Tabla2__2[[#This Row],[TOTAL PUNTAJE]],0) -> 1 | Q5: =IF(OR(H5="Dog Chow húmedo",H5="Cat Chow húmedo",H5="Fancy Feast",H5="Felix",H5="Proplan húmedo",H5="One húmedo",H5="Snack Abrazzos",H5="Snak Dentalife",H5="Arenilla Tidy Cat"),N5,0) -> 0
A6: NESTLE PURINA | B6: CALI | C6: MODERNO | D6: SUPERETE | E6: 29714 | F6: MERCAMIO CALLE 5 | G6: EL UNIFORME Y ZAPATOS SE ENCUENTRAN LIMPIOS Y EN BUEN ESTADO | H6: SI | J6: 27529996 | K6: NestleP.7 | L6: =_xlfn.XLOOKUP(Tabla2__2[[#This Row],[CODIGO RUTA]],'DATA INFORME'!I:I,'DATA INFORME'!K:K) -> SI | M6: =IF(Tabla2__2[[#This Row],[MYSTERY EFECTIVO]]="SI",_xlfn.XLOOKUP(Tabla2__2[[#This Row],[PREGUNTA]],ENCUESTA!G:G,ENCUESTA!D:D),"N/A") -> PRESENTACIÓN PERSONAL | N6: =IF(Tabla2__2[[#This Row],[MYSTERY EFECTIVO]]="SI",(IF(Tabla2__2[[#This Row],[CANAL]]="TRADICIONAL",_xlfn.XLOOKUP(Tabla2__2[[#This Row],[PREGUNTA]],ENCUESTA!G:G,ENCUESTA!A:A),IF(Tabla2__2[[#This Row],[CANAL]]="ESPECIALIZADO",_xlfn.XLOOKUP(Tabla2__2[[#This Row],[PREGUNTA]],ENCUESTA!G:G,ENCUESTA!B:B),IF(Tabla2__2[[#This Row],[CANAL]]="MODERNO",_xlfn.XLOOKUP(Tabla2__2[[#This Row],[PREGUNTA]],ENCUESTA!G:G,ENCUESTA!C:C))))),0) -> 1 | O6: =_xlfn.XLOOKUP(Tabla2__2[[#This Row],[PREGUNTA]],ENCUESTA!G:G,ENCUESTA!H:H) -> SI | P6: =IF(Tabla2__2[[#This Row],[RTA]]=Tabla2__2[[#This Row],[RTA CORRECTA]],Tabla2__2[[#This Row],[TOTAL PUNTAJE]],0) -> 1 | Q6: =IF(OR(H6="Dog Chow húmedo",H6="Cat Chow húmedo",H6="Fancy Feast",H6="Felix",H6="Proplan húmedo",H6="One húmedo",H6="Snack Abrazzos",H6="Snak Dentalife",H6="Arenilla Tidy Cat"),N6,0) -> 0
A7: NESTLE PURINA | B7: CALI | C7: MODERNO | D7: SUPERETE | E7: 29714 | F7: MERCAMIO CALLE 5 | G7: POSEE ALGUNA PRENDA ENCIMA DEL UNIFORME NO AUTORIZADA POR LA MARCA (UNICAMENTE ESTA PERMITIDO CHALECO DE SODIMAC Y EASY) | H7: NO | J7: 27529996 | K7: NestleP.7 | L7: =_xlfn.XLOOKUP(Tabla2__2[[#This Row],[CODIGO RUTA]],'DATA INFORME'!I:I,'DATA INFORME'!K:K) -> SI | M7: =IF(Tabla2__2[[#This Row],[MYSTERY EFECTIVO]]="SI",_xlfn.XLOOKUP(Tabla2__2[[#This Row],[PREGUNTA]],ENCUESTA!G:G,ENCUESTA!D:D),"N/A") -> PRESENTACIÓN PERSONAL | N7: =IF(Tabla2__2[[#This Row],[MYSTERY EFECTIVO]]="SI",(IF(Tabla2__2[[#This Row],[CANAL]]="TRADICIONAL",_xlfn.XLOOKUP(Tabla2__2[[#This Row],[PREGUNTA]],ENCUESTA!G:G,ENCUESTA!A:A),IF(Tabla2__2[[#This Row],[CANAL]]="ESPECIALIZADO",_xlfn.XLOOKUP(Tabla2__2[[#This Row],[PREGUNTA]],ENCUESTA!G:G,ENCUESTA!B:B),IF(Tabla2__2[[#This Row],[CANAL]]="MODERNO",_xlfn.XLOOKUP(Tabla2__2[[#This Row],[PREGUNTA]],ENCUESTA!G:G,ENCUESTA!C:C))))),0) -> 1 | O7: =_xlfn.XLOOKUP(Tabla2__2[[#This Row],[PREGUNTA]],ENCUESTA!G:G,ENCUESTA!H:H) -> NO | P7: =IF(Tabla2__2[[#This Row],[RTA]]=Tabla2__2[[#This Row],[RTA CORRECTA]],Tabla2__2[[#This Row],[TOTAL PUNTAJE]],0) -> 1 | Q7: =IF(OR(H7="Dog Chow húmedo",H7="Cat Chow húmedo",H7="Fancy Feast",H7="Felix",H7="Proplan húmedo",H7="One húmedo",H7="Snack Abrazzos",H7="Snak Dentalife",H7="Arenilla Tidy Cat"),N7,0) -> 0
A8: NESTLE PURINA | B8: CALI | C8: MODERNO | D8: SUPERETE | E8: 29714 | F8: MERCAMIO CALLE 5 | G8: CUENTA CON CALZADO DE ACUERDO AL UNIFORME | H8: SI | J8: 27529996 | K8: NestleP.7 | L8: =_xlfn.XLOOKUP(Tabla2__2[[#This Row],[CODIGO RUTA]],'DATA INFORME'!I:I,'DATA INFORME'!K:K) -> SI | M8: =IF(Tabla2__2[[#This Row],[MYSTERY EFECTIVO]]="SI",_xlfn.XLOOKUP(Tabla2__2[[#This Row],[PREGUNTA]],ENCUESTA!G:G,ENCUESTA!D:D),"N/A") -> PRESENTACIÓN PERSONAL | N8: =IF(Tabla2__2[[#This Row],[MYSTERY EFECTIVO]]="SI",(IF(Tabla2__2[[#This Row],[CANAL]]="TRADICIONAL",_xlfn.XLOOKUP(Tabla2__2[[#This Row],[PREGUNTA]],ENCUESTA!G:G,ENCUESTA!A:A),IF(Tabla2__2[[#This Row],[CANAL]]="ESPECIALIZADO",_xlfn.XLOOKUP(Tabla2__2[[#This Row],[PREGUNTA]],ENCUESTA!G:G,ENCUESTA!B:B),IF(Tabla2__2[[#This Row],[CANAL]]="MODERNO",_xlfn.XLOOKUP(Tabla2__2[[#This Row],[PREGUNTA]],ENCUESTA!G:G,ENCUESTA!C:C))))),0) -> 1 | O8: =_xlfn.XLOOKUP(Tabla2__2[[#This Row],[PREGUNTA]],ENCUESTA!G:G,ENCUESTA!H:H) -> SI | P8: =IF(Tabla2__2[[#This Row],[RTA]]=Tabla2__2[[#This Row],[RTA CORRECTA]],Tabla2__2[[#This Row],[TOTAL PUNTAJE]],0) -> 1 | Q8: =IF(OR(H8="Dog Chow húmedo",H8="Cat Chow húmedo",H8="Fancy Feast",H8="Felix",H8="Proplan húmedo",H8="One húmedo",H8="Snack Abrazzos",H8="Snak Dentalife",H8="Arenilla Tidy Cat"),N8,0) -> 0
A9: NESTLE PURINA | B9: CALI | C9: MODERNO | D9: SUPERETE | E9: 29714 | F9: MERCAMIO CALLE 5 | G9: CUENTA CON CAMISA DEL UNIFORME Y LOGOS SEGÚN EL CARGO (NEGRA / GRIS / ROJA / TURQUESA) (ES PERMITIDO USAR DEBAJO DE LA CAMISA BUSO MANGA LARGA NEGRO) | H9: SI | J9: 27529996 | K9: NestleP.7 | L9: =_xlfn.XLOOKUP(Tabla2__2[[#This Row],[CODIGO RUTA]],'DATA INFORME'!I:I,'DATA INFORME'!K:K) -> SI | M9: =IF(Tabla2__2[[#This Row],[MYSTERY EFECTIVO]]="SI",_xlfn.XLOOKUP(Tabla2__2[[#This Row],[PREGUNTA]],ENCUESTA!G:G,ENCUESTA!D:D),"N/A") -> PRESENTACIÓN PERSONAL | N9: =IF(Tabla2__2[[#This Row],[MYSTERY EFECTIVO]]="SI",(IF(Tabla2__2[[#This Row],[CANAL]]="TRADICIONAL",_xlfn.XLOOKUP(Tabla2__2[[#This Row],[PREGUNTA]],ENCUESTA!G:G,ENCUESTA!A:A),IF(Tabla2__2[[#This Row],[CANAL]]="ESPECIALIZADO",_xlfn.XLOOKUP(Tabla2__2[[#This Row],[PREGUNTA]],ENCUESTA!G:G,ENCUESTA!B:B),IF(Tabla2__2[[#This Row],[CANAL]]="MODERNO",_xlfn.XLOOKUP(Tabla2__2[[#This Row],[PREGUNTA]],ENCUESTA!G:G,ENCUESTA!C:C))))),0) -> 1 | O9: =_xlfn.XLOOKUP(Tabla2__2[[#This Row],[PREGUNTA]],ENCUESTA!G:G,ENCUESTA!H:H) -> SI | P9: =IF(Tabla2__2[[#This Row],[RTA]]=Tabla2__2[[#This Row],[RTA CORRECTA]],Tabla2__2[[#This Row],[TOTAL PUNTAJE]],0) -> 1 | Q9: =IF(OR(H9="Dog Chow húmedo",H9="Cat Chow húmedo",H9="Fancy Feast",H9="Felix",H9="Proplan húmedo",H9="One húmedo",H9="Snack Abrazzos",H9="Snak Dentalife",H9="Arenilla Tidy Cat"),N9,0) -> 0
A10: NESTLE PURINA | B10: CALI | C10: MODERNO | D10: SUPERETE | E10: 29714 | F10: MERCAMIO CALLE 5 | G10: CUENTA CON PANTALON DEL UNIFORME SEGÚN EL CARGO (NEGRO / ROJO / TURQUESA / JEAN) | H10: SI | J10: 27529996 | K10: NestleP.7 | L10: =_xlfn.XLOOKUP(Tabla2__2[[#This Row],[CODIGO RUTA]],'DATA INFORME'!I:I,'DATA INFORME'!K:K) -> SI | M10: =IF(Tabla2__2[[#This Row],[MYSTERY EFECTIVO]]="SI",_xlfn.XLOOKUP(Tabla2__2[[#This Row],[PREGUNTA]],ENCUESTA!G:G,ENCUESTA!D:D),"N/A") -> PRESENTACIÓN PERSONAL | N10: =IF(Tabla2__2[[#This Row],[MYSTERY EFECTIVO]]="SI",(IF(Tabla2__2[[#This Row],[CANAL]]="TRADICIONAL",_xlfn.XLOOKUP(Tabla2__2[[#This Row],[PREGUNTA]],ENCUESTA!G:G,ENCUESTA!A:A),IF(Tabla2__2[[#This Row],[CANAL]]="ESPECIALIZADO",_xlfn.XLOOKUP(Tabla2__2[[#This Row],[PREGUNTA]],ENCUESTA!G:G,ENCUESTA!B:B),IF(Tabla2__2[[#This Row],[CANAL]]="MODERNO",_xlfn.XLOOKUP(Tabla2__2[[#This Row],[PREGUNTA]],ENCUESTA!G:G,ENCUESTA!C:C))))),0) -> 1 | O10: =_xlfn.XLOOKUP(Tabla2__2[[#This Row],[PREGUNTA]],ENCUESTA!G:G,ENCUESTA!H:H) -> SI | P10: =IF(Tabla2__2[[#This Row],[RTA]]=Tabla2__2[[#This Row],[RTA CORRECTA]],Tabla2__2[[#This Row],[TOTAL PUNTAJE]],0) -> 1 | Q10: =IF(OR(H10="Dog Chow húmedo",H10="Cat Chow húmedo",H10="Fancy Feast",H10="Felix",H10="Proplan húmedo",H10="One húmedo",H10="Snack Abrazzos",H10="Snak Dentalife",H10="Arenilla Tidy Cat"),N10,0) -> 0
A11: NESTLE PURINA | B11: CALI | C11: MODERNO | D11: SUPERETE | E11: 29714 | F11: MERCAMIO CALLE 5 | G11: ¿CUMPLE HORARIO DE ENTRADA O SALIDA DE LA TIENDA? | H11: SI | J11: 27529996 | K11: NestleP.7 | L11: =_xlfn.XLOOKUP(Tabla2__2[[#This Row],[CODIGO RUTA]],'DATA INFORME'!I:I,'DATA INFORME'!K:K) -> SI | M11: =IF(Tabla2__2[[#This Row],[MYSTERY EFECTIVO]]="SI",_xlfn.XLOOKUP(Tabla2__2[[#This Row],[PREGUNTA]],ENCUESTA!G:G,ENCUESTA!D:D),"N/A") -> HORARIO | N11: =IF(Tabla2__2[[#This Row],[MYSTERY EFECTIVO]]="SI",(IF(Tabla2__2[[#This Row],[CANAL]]="TRADICIONAL",_xlfn.XLOOKUP(Tabla2__2[[#This Row],[PREGUNTA]],ENCUESTA!G:G,ENCUESTA!A:A),IF(Tabla2__2[[#This Row],[CANAL]]="ESPECIALIZADO",_xlfn.XLOOKUP(Tabla2__2[[#This Row],[PREGUNTA]],ENCUESTA!G:G,ENCUESTA!B:B),IF(Tabla2__2[[#This Row],[CANAL]]="MODERNO",_xlfn.XLOOKUP(Tabla2__2[[#This Row],[PREGUNTA]],ENCUESTA!G:G,ENCUESTA!C:C))))),0) -> 20 | O11: =_xlfn.XLOOKUP(Tabla2__2[[#This Row],[PREGUNTA]],ENCUESTA!G:G,ENCUESTA!H:H) -> SI | P11: =IF(Tabla2__2[[#This Row],[RTA]]=Tabla2__2[[#This Row],[RTA CORRECTA]],Tabla2__2[[#This Row],[TOTAL PUNTAJE]],0) -> 20 | Q11: =IF(OR(H11="Dog Chow húmedo",H11="Cat Chow húmedo",H11="Fancy Feast",H11="Felix",H11="Proplan húmedo",H11="One húmedo",H11="Snack Abrazzos",H11="Snak Dentalife",H11="Arenilla Tidy Cat"),N11,0) -> 0
A12: NESTLE PURINA | B12: CALI | C12: MODERNO | D12: SUPERETE | E12: 29714 | F12: MERCAMIO CALLE 5 | G12: SE LOGRA REALIZAR LA AUDITORIA? | H12: SI | J12: 27529996 | K12: NestleP.7 | L12: =_xlfn.XLOOKUP(Tabla2__2[[#This Row],[CODIGO RUTA]],'DATA INFORME'!I:I,'DATA INFORME'!K:K) -> SI | M12: =IF(Tabla2__2[[#This Row],[MYSTERY EFECTIVO]]="SI",_xlfn.XLOOKUP(Tabla2__2[[#This Row],[PREGUNTA]],ENCUESTA!G:G,ENCUESTA!D:D),"N/A") -> N/A | N12: =IF(Tabla2__2[[#This Row],[MYSTERY EFECTIVO]]="SI",(IF(Tabla2__2[[#This Row],[CANAL]]="TRADICIONAL",_xlfn.XLOOKUP(Tabla2__2[[#This Row],[PREGUNTA]],ENCUESTA!G:G,ENCUESTA!A:A),IF(Tabla2__2[[#This Row],[CANAL]]="ESPECIALIZADO",_xlfn.XLOOKUP(Tabla2__2[[#This Row],[PREGUNTA]],ENCUESTA!G:G,ENCUESTA!B:B),IF(Tabla2__2[[#This Row],[CANAL]]="MODERNO",_xlfn.XLOOKUP(Tabla2__2[[#This Row],[PREGUNTA]],ENCUESTA!G:G,ENCUESTA!C:C))))),0) -> 0 | O12: =_xlfn.XLOOKUP(Tabla2__2[[#This Row],[PREGUNTA]],ENCUESTA!G:G,ENCUESTA!H:H) -> 0 | P12: =IF(Tabla2__2[[#This Row],[RTA]]=Tabla2__2[[#This Row],[RTA CORRECTA]],Tabla2__2[[#This Row],[TOTAL PUNTAJE]],0) -> 0 | Q12: =IF(OR(H12="Dog Chow húmedo",H12="Cat Chow húmedo",H12="Fancy Feast",H12="Felix",H12="Proplan húmedo",H12="One húmedo",H12="Snack Abrazzos",H12="Snak Dentalife",H12="Arenilla Tidy Cat"),N12,0) -> 0
A13: NESTLE PURINA | B13: CALI | C13: MODERNO | D13: MERCA Z | E13: 456498 | F13: 456498-MERCA Z CALI | G13: INDIQUE OBSERVACIÓN/NOVEDAD | H13: Se llega al pdv a las 2:28 se busca a la mk por los pasillos cuando verifico qué no está lo reporto en el grupo y la supervisora informa que la mk cambio el horario de la visita para cumplir en el pdv | J13: 27493916 | K13: NestleP.7 | L13: =_xlfn.XLOOKUP(Tabla2__2[[#This Row],[CODIGO RUTA]],'DATA INFORME'!I:I,'DATA INFORME'!K:K) -> NO | M13: =IF(Tabla2__2[[#This Row],[MYSTERY EFECTIVO]]="SI",_xlfn.XLOOKUP(Tabla2__2[[#This Row],[PREGUNTA]],ENCUESTA!G:G,ENCUESTA!D:D),"N/A") -> N/A | N13: =IF(Tabla2__2[[#This Row],[MYSTERY EFECTIVO]]="SI",(IF(Tabla2__2[[#This Row],[CANAL]]="TRADICIONAL",_xlfn.XLOOKUP(Tabla2__2[[#This Row],[PREGUNTA]],ENCUESTA!G:G,ENCUESTA!A:A),IF(Tabla2__2[[#This Row],[CANAL]]="ESPECIALIZADO",_xlfn.XLOOKUP(Tabla2__2[[#This Row],[PREGUNTA]],ENCUESTA!G:G,ENCUESTA!B:B),IF(Tabla2__2[[#This Row],[CANAL]]="MODERNO",_xlfn.XLOOKUP(Tabla2__2[[#This Row],[PREGUNTA]],ENCUESTA!G:G,ENCUESTA!C:C))))),0) -> 0 | O13: =_xlfn.XLOOKUP(Tabla2__2[[#This Row],[PREGUNTA]],ENCUESTA!G:G,ENCUESTA!H:H) -> 0 | P13: =IF(Tabla2__2[[#This Row],[RTA]]=Tabla2__2[[#This Row],[RTA CORRECTA]],Tabla2__2[[#This Row],[TOTAL PUNTAJE]],0) -> 0 | Q13: =IF(OR(H13="Dog Chow húmedo",H13="Cat Chow húmedo",H13="Fancy Feast",H13="Felix",H13="Proplan húmedo",H13="One húmedo",H13="Snack Abrazzos",H13="Snak Dentalife",H13="Arenilla Tidy Cat"),N13,0) -> 0
... A142: NESTLE PURINA | B142: BOGOTA | C142: MODERNO | D142: EXITO | E142: 129406 | F142: ZAPATOCA VILLA LUZ | G142: INDIQUE OBSERVACIÓN/NOVEDAD | H142: Se presenta el mercaderista de Nestlé de la parte de cafés y me comunica que la asesora de Nestlé Purina no se encuentra porque no asistió en el día de hoy al punto . Por lo tanto no se puede realizar la auditoría | J142: 27593785 | K142: NestleP.1 | L142: =_xlfn.XLOOKUP(Tabla2__2[[#This Row],[CODIGO RUTA]],'DATA INFORME'!I:I,'DATA INFORME'!K:K) -> NO | M142: =IF(Tabla2__2[[#This Row],[MYSTERY EFECTIVO]]="SI",_xlfn.XLOOKUP(Tabla2__2[[#This Row],[PREGUNTA]],ENCUESTA!G:G,ENCUESTA!D:D),"N/A") -> N/A | N142: =IF(Tabla2__2[[#This Row],[MYSTERY EFECTIVO]]="SI",(IF(Tabla2__2[[#This Row],[CANAL]]="TRADICIONAL",_xlfn.XLOOKUP(Tabla2__2[[#This Row],[PREGUNTA]],ENCUESTA!G:G,ENCUESTA!A:A),IF(Tabla2__2[[#This Row],[CANAL]]="ESPECIALIZADO",_xlfn.XLOOKUP(Tabla2__2[[#This Row],[PREGUNTA]],ENCUESTA!G:G,ENCUESTA!B:B),IF(Tabla2__2[[#This Row],[CANAL]]="MODERNO",_xlfn.XLOOKUP(Tabla2__2[[#This Row],[PREGUNTA]],ENCUESTA!G:G,ENCUESTA!C:C))))),0) -> 0 | O142: =_xlfn.XLOOKUP(Tabla2__2[[#This Row],[PREGUNTA]],ENCUESTA!G:G,ENCUESTA!H:H) -> 0 | P142: =IF(Tabla2__2[[#This Row],[RTA]]=Tabla2__2[[#This Row],[RTA CORRECTA]],Tabla2__2[[#This Row],[TOTAL PUNTAJE]],0) -> 0 | Q142: =IF(OR(H142="Dog Chow húmedo",H142="Cat Chow húmedo",H142="Fancy Feast",H142="Felix",H142="Proplan húmedo",H142="One húmedo",H142="Snack Abrazzos",H142="Snak Dentalife",H142="Arenilla Tidy Cat"),N142,0) -> 0

Sheet Panel
A1: CANAL | B1: CIUDAD | C1: CODIGO PDV | D1: NOMBRE COMERCIAL | E1: Objetivo Mystery | F1: #PDV Objetivos | G1: #PDV Ejecutados | H1: # Visitas | I1: Mystery Ejecutado
A2: MODERNO | B2: BOGOTA | C2: 129406 | D2: ZAPATOCA VILLA LUZ | E2: 1 | F2: 1 | G2: =IF(COUNTIFS(Export!I:I,Tabla1[[#This Row],[CODIGO PDV]])>0,1,0) -> 1 | H2: =COUNTIFS('DATA INFORME'!D:D,Tabla1[[#This Row],[CODIGO PDV]]) -> 1 | I2: =COUNTIFS('DATA INFORME'!D:D,Tabla1[[#This Row],[CODIGO PDV]],'DATA INFORME'!K:K,"SI") -> 0
A3: MODERNO | B3: CALI | C3: 55306 | D3: 55306-SUPAPA REFUGIO | E3: 1 | F3: 1 | G3: =IF(COUNTIFS(Export!I:I,Tabla1[[#This Row],[CODIGO PDV]])>0,1,0) -> 1 | H3: =COUNTIFS('DATA INFORME'!D:D,Tabla1[[#This Row],[CODIGO PDV]]) -> 1 | I3: =COUNTIFS('DATA INFORME'!D:D,Tabla1[[#This Row],[CODIGO PDV]],'DATA INFORME'!K:K,"SI") -> 0
A4: MODERNO | B4: CALI | C4: 456498 | D4: 456498-MERCA Z CALI | E4: 1 | F4: 1 | G4: =IF(COUNTIFS(Export!I:I,Tabla1[[#This Row],[CODIGO PDV]])>0,1,0) -> 1 | H4: =COUNTIFS('DATA INFORME'!D:D,Tabla1[[#This Row],[CODIGO PDV]]) -> 1 | I4: =COUNTIFS('DATA INFORME'!D:D,Tabla1[[#This Row],[CODIGO PDV]],'DATA INFORME'!K:K,"SI") -> 0
A5: MODERNO | B5: CALI | C5: 29714 | D5: MERCAMIO CALLE 5 | E5: 1 | F5: 1 | G5: =IF(COUNTIFS(Export!I:I,Tabla1[[#This Row],[CODIGO PDV]])>0,1,0) -> 1 | H5: =COUNTIFS('DATA INFORME'!D:D,Tabla1[[#This Row],[CODIGO PDV]]) -> 1 | I5: =COUNTIFS('DATA INFORME'!D:D,Tabla1[[#This Row],[CODIGO PDV]],'DATA INFORME'!K:K,"SI") -> 1
A6: TRADICIONAL | B6: CALI | C6: 66552 | D6: LA CASA DE LOS TENDEROS | E6: 1 | F6: 1 | G6: =IF(COUNTIFS(Export!I:I,Tabla1[[#This Row],[CODIGO PDV]])>0,1,0) -> 1 | H6: =COUNTIFS('DATA INFORME'!D:D,Tabla1[[#This Row],[CODIGO PDV]]) -> 1 | I6: =COUNTIFS('DATA INFORME'!D:D,Tabla1[[#This Row],[CODIGO PDV]],'DATA INFORME'!K:K,"SI") -> 1
A7: TRADICIONAL | B7: MEDELLIN | C7: 12211 | D7: 12211-PROVEEDURIA EMPRESAS PUBLICAS EPM | E7: 1 | F7: 1 | G7: =IF(COUNTIFS(Export!I:I,Tabla1[[#This Row],[CODIGO PDV]])>0,1,0) -> 1 | H7: =COUNTIFS('DATA INFORME'!D:D,Tabla1[[#This Row],[CODIGO PDV]]) -> 1 | I7: =COUNTIFS('DATA INFORME'!D:D,Tabla1[[#This Row],[CODIGO PDV]],'DATA INFORME'!K:K,"SI") -> 1
A12: CANAL | B12: CIUDAD | C12: VUM | D12: NOMBRE PDV | E12: NOVEDAD
A13: MODERNO | B13: BOGOTA | C13: 129406 | D13: ZAPATOCA VILLA LUZ | E13: SE SOLICITO POR PARTE DE VENTAS A ULTIMA HORA PARA OTRO PUNTO DE VENTA
A14: MODERNO | B14: CALI | C14: 55306 | D14: 55306-SUPAPA REFUGIO | E14: ESE DIA LA MERCADERISTA SE FUE PARA LA EPS
A15: MODERNO | B15: CALI | C15: 456498 | D15: 456498-MERCA Z CALI | E15: POR TEMAS DE PAZ Y SALVO SE MADRUGO AL PUNTO DE VENTA

Sheet DATA INFORME
A1: ACTIVIDAD | B1: CIUDAD | C1: CADENA | D1: CODIGO PDV | E1: NOMBRE COMERCIAL | F1: CONSECUTIVO ENCUESTA | G1: NOMBRE ENCUESTA | H1: FECHA VISITA | I1: CODIGO RUTA | J1: USUARIO | K1: SE LOGRA REALIZAR LA AUDITORIA? | L1: ¿CUMPLE HORARIO DE ENTRADA O SALIDA DE LA TIENDA? | M1: CUENTA CON PANTALON DEL UNIFORME SEGÚN EL CARGO (NEGRO / ROJO / TURQUESA / JEAN) | N1: CUENTA CON CAMISA DEL UNIFORME Y LOGOS SEGÚN EL CARGO (NEGRA / GRIS / ROJA / TURQUESA) (ES PERMITIDO USAR DEBAJO DE LA CAMISA BUSO MANGA LARGA NEGRO) | O1: CUENTA CON CALZADO DE ACUERDO AL UNIFORME | P1: POSEE ALGUNA PRENDA ENCIMA DEL UNIFORME NO AUTORIZADA POR LA MARCA (UNICAMENTE ESTA PERMITIDO CHALECO DE SODIMAC Y EASY) | Q1: EL UNIFORME Y ZAPATOS SE ENCUENTRAN LIMPIOS Y EN BUEN ESTADO | R1: SU CABELLO LUCE LIMPIO, ORGANIZADO O RECOGIDO | S1: PRESENTA EXCESO DE MAQUILLAJE QUE NO CUMPLE CON EL CODIGO DE VESTIMENTA | T1: TIENE TATUAJES O PIERCINGS VISIBLES QUE NO CUMPLE CON EL CODIGO DE VESTIMENTA | U1: TIENE UÑAS LLAMATIVAS Y/O LARGAS QUE NO CUMPLE CON EL CODIGO DE VESTIMENTA | V1: USA ACCESORIOS QUE NO CUMPLE CON EL CODIGO DE VESTIMENTA | W1: EL LINEAL SE ENCUENTRA LIMPIO Y ORGANIZADO | X1: LOS PRODUCTOS TIENEN EL PRECIO Y ESTAN ACORDE O CORRESPONDIENTE A CADA REFERENCIA | Y1: LOS PRODUCTOS ESTAN SURTIDOS DE ACUERDO A PEPS O FIFO (REVISAR TANTO PRODUCTO SECO COMO HUMEDO) | Z1: CONOCE LOS INFALTABLES DEL PUNTO DE VENTA Y CUENTA CON EL MATERIAL DE APOYO (AYUDAVENTAS INFALTABLES) | AA1: CONOCE Y TIENE SURTIDO DE ACUERDO A LA ESTRATEGIA DE EXHIBICIÓN (ETAPAS DE VIDA - SEGMENTACIÓN DE MARCAS) | AB1: CUAL ES LA ESTRATEGIA DE EXHIBICIÓN PARA LAS MARCAS MAINSTRAIN (ALPO Y GATSY) DE PURINA Y PORQUE? | AC1: CONOCE EL % DE PARTICIPACIÓN QUE TIENE EN EL PUNTO DE VENTA E INFORMA CUAL ES ESE % | AD1: SELECCIONE EL CANAL DEL PDV AUDITADO? | AE1: Esta implementada la nueva estrategia de baja de precios (Si el mercaderista informa que el PDV no lo permite implementar quedaria como N/A) | AF1: DESEA AÑADIR ALGUNA OBSERVACION / NOVEDAD CON LA AUDITORIA REALIZADA? | AG1: INDIQUE OBSERVACIÓN/NOVEDAD | AH1: Tiene resaltadas las referencias en el lineal la dinamica "IMPRESIONANTES DE GRUPO ÉXITO" | AI1: Tiene conocimiento de los infaltables según el cluster del pdv
A2: NESTLE PURINA | B2: BOGOTA | C2: EXITO | D2: 129406 | E2: ZAPATOCA VILLA LUZ | F2: 1 | G2: GESTION AUDITORIA - JUNIO 2025 | H2: 45836 | I2: 27593785 | J2: NestleP.1 | K2: NO | L2: NO | M2: NO | N2: NO | O2: NO | P2: NO | Q2: NO | R2: NO | S2: NO | T2: NO | U2: NO | V2: NO | W2: NO | X2: NO | Y2: NO | Z2: NO | AA2: NO | AB2: NO | AC2: NO | AD2: MODERNO | AF2: SI | AG2: Se presenta el mercaderista de Nestlé de la parte de cafés y me comunica que la asesora de Nestlé Purina no se encuentra porque no asistió en el día de hoy al punto . Por lo tanto no se puede realizar la auditoría | AH2: NO | AI2: NO
A3: NESTLE PURINA | B3: CALI | C3: MERCA Z | D3: 55306 | E3: 55306-SUPAPA REFUGIO | F3: 1 | G3: GESTION AUDITORIA - JUNIO 2025 | H3: 45824 | I3: 27483590 | J3: NestleP.7 | K3: NO | L3: NO | M3: NO | N3: NO | O3: NO | P3: NO | Q3: NO | R3: NO | S3: NO | T3: NO | U3: NO | V3: NO | W3: NO | X3: NO | Y3: NO | Z3: NO | AA3: NO | AB3: NO | AC3: NO | AD3: MODERNO | AF3: SI | AG3: Lkego al pdv secinforma que la mercaderista no se encuentra y la supervisora me dice que ella está en la eps | AH3: NO | AI3: NO
A4: NESTLE PURINA | B4: CALI | C4: MERCA Z | D4: 456498 | E4: 456498-MERCA Z CALI | F4: 1 | G4: GESTION AUDITORIA - JUNIO 2025 | H4: 45825 | I4: 27493916 | J4: NestleP.7 | K4: NO | L4: NO | M4: NO | N4: NO | O4: NO | P4: NO | Q4: NO | R4: NO | S4: NO | T4: NO | U4: NO | V4: NO | W4: NO | X4: NO | Y4: NO | Z4: NO | AA4: NO | AB4: NO | AC4: NO | AD4: MODERNO | AF4: SI | AG4: Se llega al pdv a las 2:28 se busca a la mk por los pasillos cuando verifico qué no está lo reporto en el grupo y la supervisora informa que la mk cambio el horario de la visita para cumplir en el pdv | AH4: NO | AI4: NO
A5: NESTLE PURINA | B5: CALI | C5: SUPERETE | D5: 29714 | E5: MERCAMIO CALLE 5 | F5: 1 | G5: GESTION AUDITORIA - JUNIO 2025 | H5: 45833 | I5: 27529996 | J5: NestleP.7 | K5: SI | L5: SI | M5: SI | N5: SI | O5: SI | P5: NO | Q5: SI | R5: SI | S5: NO | T5: NO | U5: NO | V5: NO | W5: NO | X5: NO | Y5: NO | Z5: NO | AA5: SI | AB5: SI | AC5: NO | AD5: MODERNO | AF5: SI | AG5: La mk estaba en bodega bajando mercancía para surtir por eso hay partes del lineal con huecos | AH5: NO | AI5: SI
A6: NESTLE PURINA | B6: CALI | C6: SUPERETE | D6: 66552 | E6: LA CASA DE LOS TENDEROS | F6: 1 | G6: GESTION AUDITORIA - JUNIO 2025 | H6: 45821.606 | I6: 27474721 | J6: NestleP.7 | K6: SI | L6: SI | M6: SI | N6: SI | O6: SI | P6: NO | Q6: SI | R6: SI | S6: NO | T6: NO | U6: NO | V6: NO | W6: SI | X6: SI | Y6: SI | Z6: SI | AA6: SI | AB6: SI | AC6: SI | AD6: TRADICIONAL | AE6: SI | AF6: NO
A7: NESTLE PURINA | B7: MEDELLIN | C7: SUPERETE | D7: 12211 | E7: 12211-PROVEEDURIA EMPRESAS PUBLICAS EPM | F7: 1 | G7: GESTION AUDITORIA - JUNIO 2025 | H7: 45822 | I7: 27481191 | J7: NestleP.11 | K7: SI | L7: SI | M7: SI | N7: SI | O7: SI | P7: NO | Q7: SI | R7: SI | S7: NO | T7: NO | U7: NO | V7: NO | W7: SI | X7: SI | Y7: SI | Z7: SI | AA7: SI | AB7: SI | AC7: NO | AD7: TRADICIONAL | AE7: SI | AF7: SI | AG7: Aun no conoce el % de participación, indica que es nueva en el pdv.

Sheet Export
A1: ACTIVIDAD | B1: REGIONAL | C1: CIUDAD | D1: CANAL | E1: CADENA | F1: SUBCADENA | G1: ZONA | H1: RV | I1: CODIGO PDV | J1: NOMBRE COMERCIAL | K1: CODIGO EAN | L1: TIPO PUNTO VENTA | M1: CONSECUTIVO ENCUESTA | N1: NOMBRE ENCUESTA | O1: PREGUNTA | P1: RESPUESTA | Q1: CODIGO FOTO | R1: OBSERVACION | S1: FECHA VISITA | T1: FECHA INICIO VISITA | U1: FECHA CREACIÓN RESPUESTA | V1: CODIGO RUTA | W1: CLIENTE | X1: CODIGO EXHIBICION | Y1: NOMBRE EXHIBICION | Z1: NOMBRE USUARIO | AA1: USUARIO | AB1: NOMBRE SUPERVISOR | AC1: USUARIO SUPERVISOR
A2: NESTLE PURINA | B2: PACIFICO | C2: CALI | D2: TRADICIONAL | E2: SUPERETE | F2: SUPERETES | G2: CALI | I2: 66552 | J2: LA CASA DE LOS TENDEROS | K2: 0 | L2: Mercadeo | M2: 1 | N2: GESTION AUDITORIA - JUNIO 2025 | O2: SE LOGRA REALIZAR LA AUDITORIA? | P2: SI | S2: 13/06/2025 14:32:20 | T2: 13/06/2025 14:32:42 | U2: 13/06/2025 14:32:49 | V2: 27474721 | W2: PRODUCTIVIDAD | Z2: User 7 | AA2: NestleP.7 | AB2: CAMILO MONTAÑO RESTREPO | AC2: camilo.montano
A3: NESTLE PURINA | B3: PACIFICO | C3: CALI | D3: TRADICIONAL | E3: SUPERETE | F3: SUPERETES | G3: CALI | I3: 66552 | J3: LA CASA DE LOS TENDEROS | K3: 0 | L3: Mercadeo | M3: 1 | N3: GESTION AUDITORIA - JUNIO 2025 | O3: ¿CUMPLE HORARIO DE ENTRADA O SALIDA DE LA TIENDA? | P3: SI | S3: 13/06/2025 14:32:20 | T3: 13/06/2025 14:32:42 | U3: 13/06/2025 14:32:53 | V3: 27474721 | W3: PRODUCTIVIDAD | Z3: User 7 | AA3: NestleP.7 | AB3: CAMILO MONTAÑO RESTREPO | AC3: camilo.montano
A4: NESTLE PURINA | B4: PACIFICO | C4: CALI | D4: TRADICIONAL | E4: SUPERETE | F4: SUPERETES | G4: CALI | I4: 66552 | J4: LA CASA DE LOS TENDEROS | K4: 0 | L4: Mercadeo | M4: 1 | N4: GESTION AUDITORIA - JUNIO 2025 | O4: CUENTA CON PANTALON DEL UNIFORME SEGÚN EL CARGO (NEGRO / ROJO / TURQUESA / JEAN) | P4: SI | S4: 13/06/2025 14:32:20 | T4: 13/06/2025 14:32:42 | U4: 13/06/2025 14:32:56 | V4: 27474721 | W4: PRODUCTIVIDAD | Z4: User 7 | AA4: NestleP.7 | AB4: CAMILO MONTAÑO RESTREPO | AC4: camilo.montano
A5: NESTLE PURINA | B5: PACIFICO | C5: CALI | D5: TRADICIONAL | E5: SUPERETE | F5: SUPERETES | G5: CALI | I5: 66552 | J5: LA CASA DE LOS TENDEROS | K5: 0 | L5: Mercadeo | M5: 1 | N5: GESTION AUDITORIA - JUNIO 2025 | O5: CUENTA CON CAMISA DEL UNIFORME Y LOGOS SEGÚN EL CARGO (NEGRA / GRIS / ROJA / TURQUESA) (ES PERMITIDO USAR DEBAJO DE LA CAMISA BUSO MANGA LARGA NEGRO) | P5: SI | S5: 13/06/2025 14:32:20 | T5: 13/06/2025 14:32:42 | U5: 13/06/2025 14:33:01 | V5: 27474721 | W5: PRODUCTIVIDAD | Z5: User 7 | AA5: NestleP.7 | AB5: CAMILO MONTAÑO RESTREPO | AC5: camilo.montano
A6: NESTLE PURINA | B6: PACIFICO | C6: CALI | D6: TRADICIONAL | E6: SUPERETE | F6: SUPERETES | G6: CALI | I6: 66552 | J6: LA CASA DE LOS TENDEROS | K6: 0 | L6: Mercadeo | M6: 1 | N6: GESTION AUDITORIA - JUNIO 2025 | O6: CUENTA CON CALZADO DE ACUERDO AL UNIFORME | P6: SI | S6: 13/06/2025 14:32:20 | T6: 13/06/2025 14:32:42 | U6: 13/06/2025 14:33:05 | V6: 27474721 | W6: PRODUCTIVIDAD | Z6: User 7 | AA6: NestleP.7 | AB6: CAMILO MONTAÑO RESTREPO | AC6: camilo.montano
A7: NESTLE PURINA | B7: PACIFICO | C7: CALI | D7: TRADICIONAL | E7: SUPERETE | F7: SUPERETES | G7: CALI | I7: 66552 | J7: LA CASA DE LOS TENDEROS | K7: 0 | L7: Mercadeo | M7: 1 | N7: GESTION AUDITORIA - JUNIO 2025 | O7: POSEE ALGUNA PRENDA ENCIMA DEL UNIFORME NO AUTORIZADA POR LA MARCA (UNICAMENTE ESTA PERMITIDO CHALECO DE SODIMAC Y EASY) | P7: NO | S7: 13/06/2025 14:32:20 | T7: 13/06/2025 14:32:42 | U7: 13/06/2025 14:33:09 | V7: 27474721 | W7: PRODUCTIVIDAD | Z7: User 7 | AA7: NestleP.7 | AB7: CAMILO MONTAÑO RESTREPO | AC7: camilo.montano
A8: NESTLE PURINA | B8: PACIFICO | C8: CALI | D8: TRADICIONAL | E8: SUPERETE | F8: SUPERETES | G8: CALI | I8: 66552 | J8: LA CASA DE LOS TENDEROS | K8: 0 | L8: Mercadeo | M8: 1 | N8: GESTION AUDITORIA - JUNIO 2025 | O8: EL UNIFORME Y ZAPATOS SE ENCUENTRAN LIMPIOS Y EN BUEN ESTADO | P8: SI | S8: 13/06/2025 14:32:20 | T8: 13/06/2025 14:32:42 | U8: 13/06/2025 14:33:13 | V8: 27474721 | W8: PRODUCTIVIDAD | Z8: User 7 | AA8: NestleP.7 | AB8: CAMILO MONTAÑO RESTREPO | AC8: camilo.montano
A9: NESTLE PURINA | B9: PACIFICO | C9: CALI | D9: TRADICIONAL | E9: SUPERETE | F9: SUPERETES | G9: CALI | I9: 66552 | J9: LA CASA DE LOS TENDEROS | K9: 0 | L9: Mercadeo | M9: 1 | N9: GESTION AUDITORIA - JUNIO 2025 | O9: SU CABELLO LUCE LIMPIO, ORGANIZADO O RECOGIDO | P9: SI | S9: 13/06/2025 14:32:20 | T9: 13/06/2025 14:32:42 | U9: 13/06/2025 14:33:18 | V9: 27474721 | W9: PRODUCTIVIDAD | Z9: User 7 | AA9: NestleP.7 | AB9: CAMILO MONTAÑO RESTREPO | AC9: camilo.montano
A10: NESTLE PURINA | B10: PACIFICO | C10: CALI | D10: TRADICIONAL | E10: SUPERETE | F10: SUPERETES | G10: CALI | I10: 66552 | J10: LA CASA DE LOS TENDEROS | K10: 0 | L10: Mercadeo | M10: 1 | N10: GESTION AUDITORIA - JUNIO 2025 | O10: PRESENTA EXCESO DE MAQUILLAJE QUE NO CUMPLE CON EL CODIGO DE VESTIMENTA | P10: NO | S10: 13/06/2025 14:32:20 | T10: 13/06/2025 14:32:42 | U10: 13/06/2025 14:33:25 | V10: 27474721 | W10: PRODUCTIVIDAD | Z10: User 7 | AA10: NestleP.7 | AB10: CAMILO MONTAÑO RESTREPO | AC10: camilo.montano
A11: NESTLE PURINA | B11: PACIFICO | C11: CALI | D11: TRADICIONAL | E11: SUPERETE | F11: SUPERETES | G11: CALI | I11: 66552 | J11: LA CASA DE LOS TENDEROS | K11: 0 | L11: Mercadeo | M11: 1 | N11: GESTION AUDITORIA - JUNIO 2025 | O11: TIENE TATUAJES O PIERCINGS VISIBLES QUE NO CUMPLE CON EL CODIGO DE VESTIMENTA | P11: NO | S11: 13/06/2025 14:32:20 | T11: 13/06/2025 14:32:42 | U11: 13/06/2025 14:33:29 | V11: 27474721 | W11: PRODUCTIVIDAD | Z11: User 7 | AA11: NestleP.7 | AB11: CAMILO MONTAÑO RESTREPO | AC11: camilo.montano
A12: NESTLE PURINA | B12: PACIFICO | C12: CALI | D12: TRADICIONAL | E12: SUPERETE | F12: SUPERETES | G12: CALI | I12: 66552 | J12: LA CASA DE LOS TENDEROS | K12: 0 | L12: Mercadeo | M12: 1 | N12: GESTION AUDITORIA - JUNIO 2025 | O12: TIENE UÑAS LLAMATIVAS Y/O LARGAS QUE NO CUMPLE CON EL CODIGO DE VESTIMENTA | P12: NO | S12: 13/06/2025 14:32:20 | T12: 13/06/2025 14:32:42 | U12: 13/06/2025 14:33:35 | V12: 27474721 | W12: PRODUCTIVIDAD | Z12: User 7 | AA12: NestleP.7 | AB12: CAMILO MONTAÑO RESTREPO | AC12: camilo.montano
A13: NESTLE PURINA | B13: PACIFICO | C13: CALI | D13: TRADICIONAL | E13: SUPERETE | F13: SUPERETES | G13: CALI | I13: 66552 | J13: LA CASA DE LOS TENDEROS | K13: 0 | L13: Mercadeo | M13: 1 | N13: GESTION AUDITORIA - JUNIO 2025 | O13: USA ACCESORIOS QUE NO CUMPLE CON EL CODIGO DE VESTIMENTA | P13: NO | S13: 13/06/2025 14:32:20 | T13: 13/06/2025 14:32:42 | U13: 13/06/2025 14:33:39 | V13: 27474721 | W13: PRODUCTIVIDAD | Z13: User 7 | AA13: NestleP.7 | AB13: CAMILO MONTAÑO RESTREPO | AC13: camilo.montano
... A70: NESTLE PURINA | B70: PACIFICO | C70: CALI | D70: MODERNO | E70: MERCA Z | F70: MERCA Z | G70: CALI | I70: 55306 | J70: 55306-SUPAPA REFUGIO | K70: 0 | L70: SUPERMERCADOS INDEPENDIENTES | M70: 1 | N70: GESTION AUDITORIA - JUNIO 2025 | O70: INDIQUE OBSERVACIÓN/NOVEDAD | P70: Lkego al pdv secinforma que la mercaderista no se encuentra y la supervisora me dice que ella está en la eps | S70: 16/06/2025 00:00:00 | T70: 16/06/2025 09:14:09 | U70: 16/06/2025 09:17:23 | V70: 27483590 | W70: PRODUCTIVIDAD | Z70: User 7 | AA70: NestleP.7 | AB70: CAMILO MONTAÑO RESTREPO | AC70: camilo.montano
A71: NESTLE PURINA | B71: PACIFICO | C71: CALI | D71: MODERNO | E71: MERCA Z | F71: MERCA Z | G71: CALI | I71: 456498 | J71: 456498-MERCA Z CALI | L71: SUPERMERCADOS INDEPENDIENTES | M71: 1 | N71: GESTION AUDITORIA - JUNIO 2025 | O71: SE LOGRA REALIZAR LA AUDITORIA? | P71: NO | S71: 17/06/2025 00:00:00 | T71: 17/06/2025 18:01:03 | U71: 17/06/2025 18:07:06 | V71: 27493916 | W71: PRODUCTIVIDAD | Z71: User 7 | AA71: NestleP.7 | AB71: CAMILO MONTAÑO RESTREPO | AC71: camilo.montano
A72: NESTLE PURINA | B72: PACIFICO | C72: CALI | D72: MODERNO | E72: MERCA Z | F72: MERCA Z | G72: CALI | I72: 456498 | J72: 456498-MERCA Z CALI | L72: SUPERMERCADOS INDEPENDIENTES | M72: 1 | N72: GESTION AUDITORIA - JUNIO 2025 | O72: ¿CUMPLE HORARIO DE ENTRADA O SALIDA DE LA TIENDA? | P72: NO | S72: 17/06/2025 00:00:00 | T72: 17/06/2025 18:01:03 | U72: 17/06/2025 18:07:06 | V72: 27493916 | W72: PRODUCTIVIDAD | Z72: User 7 | AA72: NestleP.7 | AB72: CAMILO MONTAÑO RESTREPO | AC72: camilo.montano
A73: NESTLE PURINA | B73: PACIFICO | C73: CALI | D73: MODERNO | E73: MERCA Z | F73: MERCA Z | G73: CALI | I73: 456498 | J73: 456498-MERCA Z CALI | L73: SUPERMERCADOS INDEPENDIENTES | M73: 1 | N73: GESTION AUDITORIA - JUNIO 2025 | O73: CUENTA CON PANTALON DEL UNIFORME SEGÚN EL CARGO (NEGRO / ROJO / TURQUESA / JEAN) | P73: NO | S73: 17/06/2025 00:00:00 | T73: 17/06/2025 18:01:03 | U73: 17/06/2025 18:07:06 | V73: 27493916 | W73: PRODUCTIVIDAD | Z73: User 7 | AA73: NestleP.7 | AB73: CAMILO MONTAÑO RESTREPO | AC73: camilo.montano
A74: NESTLE PURINA | B74: PACIFICO | C74: CALI | D74: MODERNO | E74: MERCA Z | F74: MERCA Z | G74: CALI | I74: 456498 | J74: 456498-MERCA Z CALI | L74: SUPERMERCADOS INDEPENDIENTES | M74: 1 | N74: GESTION AUDITORIA - JUNIO 2025 | O74: CUENTA CON CAMISA DEL UNIFORME Y LOGOS SEGÚN EL CARGO (NEGRA / GRIS / ROJA / TURQUESA) (ES PERMITIDO USAR DEBAJO DE LA CAMISA BUSO MANGA LARGA NEGRO) | P74: NO | S74: 17/06/2025 00:00:00 | T74: 17/06/2025 18:01:03 | U74: 17/06/2025 18:07:06 | V74: 27493916 | W74: PRODUCTIVIDAD | Z74: User 7 | AA74: NestleP.7 | AB74: CAMILO MONTAÑO RESTREPO | AC74: camilo.montano
A75: NESTLE PURINA | B75: PACIFICO | C75: CALI | D75: MODERNO | E75: MERCA Z | F75: MERCA Z | G75: CALI | I75: 456498 | J75: 456498-MERCA Z CALI | L75: SUPERMERCADOS INDEPENDIENTES | M75: 1 | N75: GESTION AUDITORIA - JUNIO 2025 | O75: CUENTA CON CALZADO DE ACUERDO AL UNIFORME | P75: NO | S75: 17/06/2025 00:00:00 | T75: 17/06/2025 18:01:03 | U75: 17/06/2025 18:07:06 | V75: 27493916 | W75: PRODUCTIVIDAD | Z75: User 7 | AA75: NestleP.7 | AB75: CAMILO MONTAÑO RESTREPO | AC75: camilo.montano
A76: NESTLE PURINA | B76: PACIFICO | C76: CALI | D76: MODERNO | E76: MERCA Z | F76: MERCA Z | G76: CALI | I76: 456498 | J76: 456498-MERCA Z CALI | L76: SUPERMERCADOS INDEPENDIENTES | M76: 1 | N76: GESTION AUDITORIA - JUNIO 2025 | O76: POSEE ALGUNA PRENDA ENCIMA DEL UNIFORME NO AUTORIZADA POR LA MARCA (UNICAMENTE ESTA PERMITIDO CHALECO DE SODIMAC Y EASY) | P76: NO | S76: 17/06/2025 00:00:00 | T76: 17/06/2025 18:01:03 | U76: 17/06/2025 18:07:06 | V76: 27493916 | W76: PRODUCTIVIDAD | Z76: User 7 | AA76: NestleP.7 | AB76: CAMILO MONTAÑO RESTREPO | AC76: camilo.montano
A77: NESTLE PURINA | B77: PACIFICO | C77: CALI | D77: MODERNO | E77: MERCA Z | F77: MERCA Z | G77: CALI | I77: 456498 | J77: 456498-MERCA Z CALI | L77: SUPERMERCADOS INDEPENDIENTES | M77: 1 | N77: GESTION AUDITORIA - JUNIO 2025 | O77: EL UNIFORME Y ZAPATOS SE ENCUENTRAN LIMPIOS Y EN BUEN ESTADO | P77: NO | S77: 17/06/2025 00:00:00 | T77: 17/06/2025 18:01:03 | U77: 17/06/2025 18:07:06 | V77: 27493916 | W77: PRODUCTIVIDAD | Z77: User 7 | AA77: NestleP.7 | AB77: CAMILO MONTAÑO RESTREPO | AC77: camilo.montano
A78: NESTLE PURINA | B78: PACIFICO | C78: CALI | D78: MODERNO | E78: MERCA Z | F78: MERCA Z | G78: CALI | I78: 456498 | J78: 456498-MERCA Z CALI | L78: SUPERMERCADOS INDEPENDIENTES | M78: 1 | N78: GESTION AUDITORIA - JUNIO 2025 | O78: SU CABELLO LUCE LIMPIO, ORGANIZADO O RECOGIDO | P78: NO | S78: 17/06/2025 00:00:00 | T78: 17/06/2025 18:01:03 | U78: 17/06/2025 18:07:06 | V78: 27493916 | W78: PRODUCTIVIDAD | Z78: User 7 | AA78: NestleP.7 | AB78: CAMILO MONTAÑO RESTREPO | AC78: camilo.montano
A79: NESTLE PURINA | B79: PACIFICO | C79: CALI | D79: MODERNO | E79: MERCA Z | F79: MERCA Z | G79: CALI | I79: 456498 | J79: 456498-MERCA Z CALI | L79: SUPERMERCADOS INDEPENDIENTES | M79: 1 | N79: GESTION AUDITORIA - JUNIO 2025 | O79: PRESENTA EXCESO DE MAQUILLAJE QUE NO CUMPLE CON EL CODIGO DE VESTIMENTA | P79: NO | S79: 17/06/2025 00:00:00 | T79: 17/06/2025 18:01:03 | U79: 17/06/2025 18:07:06 | V79: 27493916 | W79: PRODUCTIVIDAD | Z79: User 7 | AA79: NestleP.7 | AB79: CAMILO MONTAÑO RESTREPO | AC79: camilo.montano
A80: NESTLE PURINA | B80: PACIFICO | C80: CALI | D80: MODERNO | E80: MERCA Z | F80: MERCA Z | G80: CALI | I80: 456498 | J80: 456498-MERCA Z CALI | L80: SUPERMERCADOS INDEPENDIENTES | M80: 1 | N80: GESTION AUDITORIA - JUNIO 2025 | O80: TIENE TATUAJES O PIERCINGS VISIBLES QUE NO CUMPLE CON EL CODIGO DE VESTIMENTA | P80: NO | S80: 17/06/2025 00:00:00 | T80: 17/06/2025 18:01:03 | U80: 17/06/2025 18:07:06 | V80: 27493916 | W80: PRODUCTIVIDAD | Z80: User 7 | AA80: NestleP.7 | AB80: CAMILO MONTAÑO RESTREPO | AC80: camilo.montano
A81: NESTLE PURINA | B81: PACIFICO | C81: CALI | D81: MODERNO | E81: MERCA Z | F81: MERCA Z | G81: CALI | I81: 456498 | J81: 456498-MERCA Z CALI | L81: SUPERMERCADOS INDEPENDIENTES | M81: 1 | N81: GESTION AUDITORIA - JUNIO 2025 | O81: TIENE UÑAS LLAMATIVAS Y/O LARGAS QUE NO CUMPLE CON EL CODIGO DE VESTIMENTA | P81: NO | S81: 17/06/2025 00:00:00 | T81: 17/06/2025 18:01:03 | U81: 17/06/2025 18:07:06 | V81: 27493916 | W81: PRODUCTIVIDAD | Z81: User 7 | AA81: NestleP.7 | AB81: CAMILO MONTAÑO RESTREPO | AC81: camilo.montano
A82: NESTLE PURINA | B82: PACIFICO | C82: CALI | D82: MODERNO | E82: MERCA Z | F82: MERCA Z | G82: CALI | I82: 456498 | J82: 456498-MERCA Z CALI | L82: SUPERMERCADOS INDEPENDIENTES | M82: 1 | N82: GESTION AUDITORIA - JUNIO 2025 | O82: USA ACCESORIOS QUE NO CUMPLE CON EL CODIGO DE VESTIMENTA | P82: NO | S82: 17/06/2025 00:00:00 | T82: 17/06/2025 18:01:03 | U82: 17/06/2025 18:07:06 | V82: 27493916 | W82: PRODUCTIVIDAD | Z82: User 7 | AA82: NestleP.7 | AB82: CAMILO MONTAÑO RESTREPO | AC82: camilo.montano
... A94: NESTLE PURINA | B94: PACIFICO | C94: CALI | D94: MODERNO | E94: MERCA Z | F94: MERCA Z | G94: CALI | I94: 456498 | J94: 456498-MERCA Z CALI | L94: SUPERMERCADOS INDEPENDIENTES | M94: 1 | N94: GESTION AUDITORIA - JUNIO 2025 | O94: INDIQUE OBSERVACIÓN/NOVEDAD | P94: Se llega al pdv a las 2:28 se busca a la mk por los pasillos cuando verifico qué no está lo reporto en el grupo y la supervisora informa que la mk cambio el horario de la visita para cumplir en el pdv | S94: 17/06/2025 00:00:00 | T94: 17/06/2025 18:01:03 | U94: 17/06/2025 18:07:06 | V94: 27493916 | W94: PRODUCTIVIDAD | Z94: User 7 | AA94: NestleP.7 | AB94: CAMILO MONTAÑO RESTREPO | AC94: camilo.montano
A95: NESTLE PURINA | B95: PACIFICO | C95: CALI | D95: MODERNO | E95: SUPERETE | F95: SUPERETES | G95: CALI | I95: 29714 | J95: MERCAMIO CALLE 5 | K95: 0 | L95: Impulso | M95: 1 | N95: GESTION AUDITORIA - JUNIO 2025 | O95: SE LOGRA REALIZAR LA AUDITORIA? | P95: SI | S95: 25/06/2025 00:00:00 | T95: 25/06/2025 19:12:56 | U95: 25/06/2025 19:18:01 | V95: 27529996 | W95: PRODUCTIVIDAD | Z95: User 7 | AA95: NestleP.7 | AB95: CAMILO MONTAÑO RESTREPO | AC95: camilo.montano
A96: NESTLE PURINA | B96: PACIFICO | C96: CALI | D96: MODERNO | E96: SUPERETE | F96: SUPERETES | G96: CALI | I96: 29714 | J96: MERCAMIO CALLE 5 | K96: 0 | L96: Impulso | M96: 1 | N96: GESTION AUDITORIA - JUNIO 2025 | O96: ¿CUMPLE HORARIO DE ENTRADA O SALIDA DE LA TIENDA? | P96: SI | S96: 25/06/2025 00:00:00 | T96: 25/06/2025 19:12:56 | U96: 25/06/2025 19:18:01 | V96: 27529996 | W96: PRODUCTIVIDAD | Z96: User 7 | AA96: NestleP.7 | AB96: CAMILO MONTAÑO RESTREPO | AC96: camilo.montano
A97: NESTLE PURINA | B97: PACIFICO | C97: CALI | D97: MODERNO | E97: SUPERETE | F97: SUPERETES | G97: CALI | I97: 29714 | J97: MERCAMIO CALLE 5 | K97: 0 | L97: Impulso | M97: 1 | N97: GESTION AUDITORIA - JUNIO 2025 | O97: CUENTA CON PANTALON DEL UNIFORME SEGÚN EL CARGO (NEGRO / ROJO / TURQUESA / JEAN) | P97: SI | S97: 25/06/2025 00:00:00 | T97: 25/06/2025 19:12:56 | U97: 25/06/2025 19:18:01 | V97: 27529996 | W97: PRODUCTIVIDAD | Z97: User 7 | AA97: NestleP.7 | AB97: CAMILO MONTAÑO RESTREPO | AC97: camilo.montano
A98: NESTLE PURINA | B98: PACIFICO | C98: CALI | D98: MODERNO | E98: SUPERETE | F98: SUPERETES | G98: CALI | I98: 29714 | J98: MERCAMIO CALLE 5 | K98: 0 | L98: Impulso | M98: 1 | N98: GESTION AUDITORIA - JUNIO 2025 | O98: CUENTA CON CAMISA DEL UNIFORME Y LOGOS SEGÚN EL CARGO (NEGRA / GRIS / ROJA / TURQUESA) (ES PERMITIDO USAR DEBAJO DE LA CAMISA BUSO MANGA LARGA NEGRO) | P98: SI | S98: 25/06/2025 00:00:00 | T98: 25/06/2025 19:12:56 | U98: 25/06/2025 19:18:01 | V98: 27529996 | W98: PRODUCTIVIDAD | Z98: User 7 | AA98: NestleP.7 | AB98: CAMILO MONTAÑO RESTREPO | AC98: camilo.montano
A99: NESTLE PURINA | B99: PACIFICO | C99: CALI | D99: MODERNO | E99: SUPERETE | F99: SUPERETES | G99: CALI | I99: 29714 | J99: MERCAMIO CALLE 5 | K99: 0 | L99: Impulso | M99: 1 | N99: GESTION AUDITORIA - JUNIO 2025 | O99: CUENTA CON CALZADO DE ACUERDO AL UNIFORME | P99: SI | S99: 25/06/2025 00:00:00 | T99: 25/06/2025 19:12:56 | U99: 25/06/2025 19:18:01 | V99: 27529996 | W99: PRODUCTIVIDAD | Z99: User 7 | AA99: NestleP.7 | AB99: CAMILO MONTAÑO RESTREPO | AC99: camilo.montano
A100: NESTLE PURINA | B100: PACIFICO | C100: CALI | D100: MODERNO | E100: SUPERETE | F100: SUPERETES | G100: CALI | I100: 29714 | J100: MERCAMIO CALLE 5 | K100: 0 | L100: Impulso | M100: 1 | N100: GESTION AUDITORIA - JUNIO 2025 | O100: POSEE ALGUNA PRENDA ENCIMA DEL UNIFORME NO AUTORIZADA POR LA MARCA (UNICAMENTE ESTA PERMITIDO CHALECO DE SODIMAC Y EASY) | P100: NO | S100: 25/06/2025 00:00:00 | T100: 25/06/2025 19:12:56 | U100: 25/06/2025 19:18:01 | V100: 27529996 | W100: PRODUCTIVIDAD | Z100: User 7 | AA100: NestleP.7 | AB100: CAMILO MONTAÑO RESTREPO | AC100: camilo.montano
A101: NESTLE PURINA | B101: PACIFICO | C101: CALI | D101: MODERNO | E101: SUPERETE | F101: SUPERETES | G101: CALI | I101: 29714 | J101: MERCAMIO CALLE 5 | K101: 0 | L101: Impulso | M101: 1 | N101: GESTION AUDITORIA - JUNIO 2025 | O101: EL UNIFORME Y ZAPATOS SE ENCUENTRAN LIMPIOS Y EN BUEN ESTADO | P101: SI | S101: 25/06/2025 00:00:00 | T101: 25/06/2025 19:12:56 | U101: 25/06/2025 19:18:01 | V101: 27529996 | W101: PRODUCTIVIDAD | Z101: User 7 | AA101: NestleP.7 | AB101: CAMILO MONTAÑO RESTREPO | AC101: camilo.montano
A102: NESTLE PURINA | B102: PACIFICO | C102: CALI | D102: MODERNO | E102: SUPERETE | F102: SUPERETES | G102: CALI | I102: 29714 | J102: MERCAMIO CALLE 5 | K102: 0 | L102: Impulso | M102: 1 | N102: GESTION AUDITORIA - JUNIO 2025 | O102: SU CABELLO LUCE LIMPIO, ORGANIZADO O RECOGIDO | P102: SI | S102: 25/06/2025 00:00:00 | T102: 25/06/2025 19:12:56 | U102: 25/06/2025 19:18:01 | V102: 27529996 | W102: PRODUCTIVIDAD | Z102: User 7 | AA102: NestleP.7 | AB102: CAMILO MONTAÑO RESTREPO | AC102: camilo.montano
A103: NESTLE PURINA | B103: PACIFICO | C103: CALI | D103: MODERNO | E103: SUPERETE | F103: SUPERETES | G103: CALI | I103: 29714 | J103: MERCAMIO CALLE 5 | K103: 0 | L103: Impulso | M103: 1 | N103: GESTION AUDITORIA - JUNIO 2025 | O103: PRESENTA EXCESO DE MAQUILLAJE QUE NO CUMPLE CON EL CODIGO DE VESTIMENTA | P103: NO | S103: 25/06/2025 00:00:00 | T103: 25/06/2025 19:12:56 | U103: 25/06/2025 19:18:01 | V103: 27529996 | W103: PRODUCTIVIDAD | Z103: User 7 | AA103: NestleP.7 | AB103: CAMILO MONTAÑO RESTREPO | AC103: camilo.montano
A104: NESTLE PURINA | B104: PACIFICO | C104: CALI | D104: MODERNO | E104: SUPERETE | F104: SUPERETES | G104: CALI | I104: 29714 | J104: MERCAMIO CALLE 5 | K104: 0 | L104: Impulso | M104: 1 | N104: GESTION AUDITORIA - JUNIO 2025 | O104: TIENE TATUAJES O PIERCINGS VISIBLES QUE NO CUMPLE CON EL CODIGO DE VESTIMENTA | P104: NO | S104: 25/06/2025 00:00:00 | T104: 25/06/2025 19:12:56 | U104: 25/06/2025 19:18:01 | V104: 27529996 | W104: PRODUCTIVIDAD | Z104: User 7 | AA104: NestleP.7 | AB104: CAMILO MONTAÑO RESTREPO | AC104: camilo.montano
A105: NESTLE PURINA | B105: PACIFICO | C105: CALI | D105: MODERNO | E105: SUPERETE | F105: SUPERETES | G105: CALI | I105: 29714 | J105: MERCAMIO CALLE 5 | K105: 0 | L105: Impulso | M105: 1 | N105: GESTION AUDITORIA - JUNIO 2025 | O105: TIENE UÑAS LLAMATIVAS Y/O LARGAS QUE NO CUMPLE CON EL CODIGO DE VESTIMENTA | P105: NO | S105: 25/06/2025 00:00:00 | T105: 25/06/2025 19:12:56 | U105: 25/06/2025 19:18:01 | V105: 27529996 | W105: PRODUCTIVIDAD | Z105: User 7 | AA105: NestleP.7 | AB105: CAMILO MONTAÑO RESTREPO | AC105: camilo.montano
A106: NESTLE PURINA | B106: PACIFICO | C106: CALI | D106: MODERNO | E106: SUPERETE | F106: SUPERETES | G106: CALI | I106: 29714 | J106: MERCAMIO CALLE 5 | K106: 0 | L106: Impulso | M106: 1 | N106: GESTION AUDITORIA - JUNIO 2025 | O106: USA ACCESORIOS QUE NO CUMPLE CON EL CODIGO DE VESTIMENTA | P106: NO | S106: 25/06/2025 00:00:00 | T106: 25/06/2025 19:12:56 | U106: 25/06/2025 19:18:01 | V106: 27529996 | W106: PRODUCTIVIDAD | Z106: User 7 | AA106: NestleP.7 | AB106: CAMILO MONTAÑO RESTREPO | AC106: camilo.montano
... A142: NESTLE PURINA | B142: CENTRO | C142: BOGOTA | D142: MODERNO | E142: EXITO | F142: EXITO | G142: CENTRO | I142: 129406 | J142: ZAPATOCA VILLA LUZ | K142: 0 | L142: Impulso | M142: 1 | N142: GESTION AUDITORIA - JUNIO 2025 | O142: INDIQUE OBSERVACIÓN/NOVEDAD | P142: Se presenta el mercaderista de Nestlé de la parte de cafés y me comunica que la asesora de Nestlé Purina no se encuentra porque no asistió en el día de hoy al punto . Por lo tanto no se puede realizar la auditoría | S142: 28/06/2025 00:00:00 | T142: 28/06/2025 18:38:42 | U142: 28/06/2025 18:50:10 | V142: 27593785 | W142: PRODUCTIVIDAD | Z142: User 1 | AA142: NestleP.1 | AB142: CAMILO MONTAÑO RESTREPO | AC142: camilo.montano

Sheet ENCUESTA
A1: TRADICIONAL | B1: ESPECIALIZADO | C1: MODERNO | D1: CLUSTER | E1: PESO | F1: TIPO | G1: PREGUNTA | H1: RTA CORRECTA | J1: CLUSTER | K1: PESO CLUSTER
A2: 0 | B2: 0 | C2: 0 | D2: N/A | E2: 0 | F2: UNICA | G2: SE LOGRA REALIZAR LA AUDITORIA? | J2: PRESENTACIÓN PERSONAL | K2: 0.1
A3: 20 | B3: 20 | C3: 20 | D3: HORARIO | E3: 20 | F3: UNICA | G3: ¿CUMPLE HORARIO DE ENTRADA O SALIDA DE LA TIENDA? | H3: SI | J3: HORARIO | K3: 0.2
A4: =10/10 -> 1 | B4: =10/10 -> 1 | C4: =10/10 -> 1 | D4: PRESENTACIÓN PERSONAL | E4: =10/10 -> 1 | F4: UNICA | G4: CUENTA CON PANTALON DEL UNIFORME SEGÚN EL CARGO (NEGRO / ROJO / TURQUESA / JEAN) | H4: SI | J4: EJECUCION DEL PDV | K4: 0.3
A5: =10/10 -> 1 | B5: =10/10 -> 1 | C5: =10/10 -> 1 | D5: PRESENTACIÓN PERSONAL | E5: =10/10 -> 1 | F5: UNICA | G5: CUENTA CON CAMISA DEL UNIFORME Y LOGOS SEGÚN EL CARGO (NEGRA / GRIS / ROJA / TURQUESA) (ES PERMITIDO USAR DEBAJO DE LA CAMISA BUSO MANGA LARGA NEGRO) | H5: SI | J5: ACTIVIDADES DEL MES | K5: 0.4
A6: =10/10 -> 1 | B6: =10/10 -> 1 | C6: =10/10 -> 1 | D6: PRESENTACIÓN PERSONAL | E6: =10/10 -> 1 | F6: UNICA | G6: CUENTA CON CALZADO DE ACUERDO AL UNIFORME | H6: SI | J6: TOTAL GENERAL | K6: =SUM(K2:K6) -> 1
A7: =10/10 -> 1 | B7: =10/10 -> 1 | C7: =10/10 -> 1 | D7: PRESENTACIÓN PERSONAL | E7: =10/10 -> 1 | F7: UNICA | G7: POSEE ALGUNA PRENDA ENCIMA DEL UNIFORME NO AUTORIZADA POR LA MARCA (UNICAMENTE ESTA PERMITIDO CHALECO DE SODIMAC Y EASY) | H7: NO
A8: =10/10 -> 1 | B8: =10/10 -> 1 | C8: =10/10 -> 1 | D8: PRESENTACIÓN PERSONAL | E8: =10/10 -> 1 | F8: UNICA | G8: EL UNIFORME Y ZAPATOS SE ENCUENTRAN LIMPIOS Y EN BUEN ESTADO | H8: SI
A9: =10/10 -> 1 | B9: =10/10 -> 1 | C9: =10/10 -> 1 | D9: PRESENTACIÓN PERSONAL | E9: =10/10 -> 1 | F9: UNICA | G9: SU CABELLO LUCE LIMPIO, ORGANIZADO O RECOGIDO | H9: SI
A10: =10/10 -> 1 | B10: =10/10 -> 1 | C10: =10/10 -> 1 | D10: PRESENTACIÓN PERSONAL | E10: =10/10 -> 1 | F10: UNICA | G10: PRESENTA EXCESO DE MAQUILLAJE QUE NO CUMPLE CON EL CODIGO DE VESTIMENTA | H10: NO
A11: =10/10 -> 1 | B11: =10/10 -> 1 | C11: =10/10 -> 1 | D11: PRESENTACIÓN PERSONAL | E11: =10/10 -> 1 | F11: UNICA | G11: TIENE TATUAJES O PIERCINGS VISIBLES QUE NO CUMPLE CON EL CODIGO DE VESTIMENTA | H11: NO
A12: =10/10 -> 1 | B12: =10/10 -> 1 | C12: =10/10 -> 1 | D12: PRESENTACIÓN PERSONAL | E12: =10/10 -> 1 | F12: UNICA | G12: TIENE UÑAS LLAMATIVAS Y/O LARGAS QUE NO CUMPLE CON EL CODIGO DE VESTIMENTA | H12: NO
A13: =10/10 -> 1 | B13: =10/10 -> 1 | C13: =10/10 -> 1 | D13: PRESENTACIÓN PERSONAL | E13: =10/10 -> 1 | F13: UNICA | G13: USA ACCESORIOS QUE NO CUMPLE CON EL CODIGO DE VESTIMENTA | H13: NO
A14: =30/7 -> 4.2857143 | B14: =30/7 -> 4.2857143 | C14: =30/7 -> 4.2857143 | D14: EJECUCIÓN DEL PDV | E14: =30/7 -> 4.2857143 | F14: UNICA | G14: EL LINEAL SE ENCUENTRA LIMPIO Y ORGANIZADO | H14: SI
A15: =30/7 -> 4.2857143 | B15: =30/7 -> 4.2857143 | C15: =30/7 -> 4.2857143 | D15: EJECUCIÓN DEL PDV | E15: =30/7 -> 4.2857143 | F15: UNICA | G15: LOS PRODUCTOS TIENEN EL PRECIO Y ESTAN ACORDE O CORRESPONDIENTE A CADA REFERENCIA | H15: SI
A16: =30/7 -> 4.2857143 | B16: =30/7 -> 4.2857143 | C16: =30/7 -> 4.2857143 | D16: EJECUCIÓN DEL PDV | E16: =30/7 -> 4.2857143 | F16: UNICA | G16: LOS PRODUCTOS ESTAN SURTIDOS DE ACUERDO A PEPS O FIFO (REVISAR TANTO PRODUCTO SECO COMO HUMEDO) | H16: SI
A17: =30/7 -> 4.2857143 | B17: =30/7 -> 4.2857143 | C17: =30/7 -> 4.2857143 | D17: EJECUCIÓN DEL PDV | E17: =30/7 -> 4.2857143 | F17: UNICA | G17: CONOCE LOS INFALTABLES DEL PUNTO DE VENTA Y CUENTA CON EL MATERIAL DE APOYO (AYUDAVENTAS INFALTABLES) | H17: SI
A18: =30/7 -> 4.2857143 | B18: =30/7 -> 4.2857143 | C18: =30/7 -> 4.2857143 | D18: EJECUCIÓN DEL PDV | E18: =30/7 -> 4.2857143 | F18: UNICA | G18: CONOCE Y TIENE SURTIDO DE ACUERDO A LA ESTRATEGIA DE EXHIBICIÓN (ETAPAS DE VIDA - SEGMENTACIÓN DE MARCAS) | H18: SI
A19: =30/7 -> 4.2857143 | B19: =30/7 -> 4.2857143 | C19: =30/7 -> 4.2857143 | D19: EJECUCIÓN DEL PDV | E19: =30/7 -> 4.2857143 | F19: UNICA | G19: CUAL ES LA ESTRATEGIA DE EXHIBICIÓN PARA LAS MARCAS MAINSTRAIN (ALPO Y GATSY) DE PURINA Y PORQUE? | H19: SI
A20: =30/7 -> 4.2857143 | B20: =30/7 -> 4.2857143 | C20: =30/7 -> 4.2857143 | D20: EJECUCIÓN DEL PDV | E20: =30/7 -> 4.2857143 | F20: UNICA | G20: CONOCE EL % DE PARTICIPACIÓN QUE TIENE EN EL PUNTO DE VENTA E INFORMA CUAL ES ESE % | H20: SI
A21: 0 | B21: 0 | C21: 0 | D21: N/A | E21: 0 | F21: UNICA | G21: SELECCIONE EL CANAL DEL PDV AUDITADO? | H21: MODERNO, TRADICIONAL
A22: =40/5 -> 8 | B22: =40/5 -> 8 | C22: =40/5 -> 8 | D22: ACTIVIDADES DEL MES | E22: =40/5 -> 8 | F22: UNICA | G22: Tiene resaltadas las referencias en el lineal la dinamica "IMPRESIONANTES DE GRUPO ÉXITO" | H22: SI
A23: =40/5 -> 8 | B23: =40/5 -> 8 | C23: =40/5 -> 8 | D23: ACTIVIDADES DEL MES | E23: =40/5 -> 8 | F23: UNICA | G23: Tiene conocimiento de los infaltables según el cluster del pdv | H23: SI
A24: =40/5 -> 8 | B24: =40/5 -> 8 | C24: =40/5 -> 8 | D24: ACTIVIDADES DEL MES | E24: =40/5 -> 8 | F24: UNICA | G24: Tiene conocimiento de las presentaciones de Pro Plan Live Clear, si esta la nueva presentación (x 1kg y x 3kg) ¿tiene el sticker de comunicación de nueva gramaje? | H24: SI
A25: =40/5 -> 8 | B25: =40/5 -> 8 | C25: =40/5 -> 8 | D25: ACTIVIDADES DEL MES | E25: =40/5 -> 8 | F25: UNICA | G25: Esta implementado los sticker de la reducción de precios Excellent (No aplica cuando el mercaderista informa que el PDV no ha hecho la reducción de precios). | H25: SI
A26: =40/5 -> 8 | B26: =40/5 -> 8 | C26: =40/5 -> 8 | D26: ACTIVIDADES DEL MES | E26: =40/5 -> 8 | F26: UNICA | G26: Esta implementada la nueva estrategia de baja de precios (Si el mercaderista informa que el PDV no lo permite implementar quedaria como N/A) | H26: SI
A27: 0 | B27: 0 | C27: 0 | D27: N/A | E27: 0 | F27: UNICA | G27: DESEA AÑADIR ALGUNA OBSERVACION / NOVEDAD CON LA AUDITORIA REALIZADA?
A28: 0 | B28: 0 | C28: 0 | D28: N/A | E28: 0 | F28: ABIERTA | G28: INDIQUE OBSERVACIÓN/NOVEDAD
